;;;;;;;males;;;;females;;;males;females;offspring;;;
;;;;;;;white eyes;;;;red eyes;;;red eyes;white eyes;;;;
vialNr;fliesScoredBy;population;line;mother;cross;genotype;males_whiteeyes_RG;males_whiteeyes_G;males_whiteeyes_R;males_whiteeyes_N;females_redeyes_R;females_redeyes_NR;females_redeyes_unclear;males_redeyes_unclear;females_whiteeyes_NR;offspring_unclear;dead;unhatched;notes
1;Fleur;KA;4;6;5;GD;15;0;19;0;0;0;34;0;0;0;0;0;
2;Fleur;RE;4;5;3;GD;26;3;23;6;0;0;62;0;0;0;0;1;
3;Fleur;RE;2;1;2;GD;18;0;10;0;0;0;33;0;0;0;0;0;
4;Fleur;UM;5;4;2;GD;11;3;24;3;0;0;32;0;0;0;0;0;
5;Fleur;RE;2;1;4;GD;15;3;20;3;0;0;39;0;0;0;0;0;
6;Fleur;MA;4;3;3;GD;17;2;9;3;0;0;36;0;0;0;0;0;
7;Fleur;MU;6;1;4;GD;12;1;18;3;0;0;34;0;0;0;0;0;
8;Fleur;MU;5;6;3;GD;18;1;22;6;0;0;43;0;0;0;0;0;
9;Fleur;KA;7;4;3;GD;14;2;15;1;0;0;27;0;0;0;0;0;
10;Fleur;RE;6;6;2;GD;10;1;10;0;0;0;5;0;0;0;0;0;
11;Fleur;KA;1;1;4;GD;12;0;6;1;0;0;18;0;0;0;0;0;
12;Fleur;KA;3;4;3;GD;5;0;18;2;0;0;42;0;0;0;0;0;
13;Fleur;KA;3;5;4;GD;8;0;7;0;0;0;17;0;0;0;0;0;
14;Fleur;KA;3;5;3;GD;9;2;15;0;0;0;23;0;0;0;0;0;
15;Fleur;AK;5;2;5;GD;0;3;0;32;0;0;39;0;0;0;0;0;
16;Fleur;AK;1;3;5;GD;0;9;0;13;0;0;15;0;0;0;0;0;
17;Fleur;AK;3;6;1;GD;6;4;14;4;0;0;23;0;0;0;0;0;
18;Fleur;UM;1;6;3;GD;17;3;22;2;0;0;48;0;0;0;0;0;
19;Fleur;MU;6;2;3;GD;1;0;2;0;0;0;10;0;0;0;0;0;
20;Fleur;MU;6;2;1;GD;10;3;13;2;0;0;32;0;0;0;0;0;
21;Fleur;UM;3;2;1;GD;19;1;20;0;0;0;39;0;0;0;0;0;
22;Fleur;AK;2;5;3;GD;11;5;13;2;0;0;30;0;0;0;0;0;
23;Fleur;MU;1;4;4;GD;13;4;12;1;0;0;24;0;0;0;0;0;
24;Fleur;AK;2;5;4;GD;8;2;8;0;0;0;28;0;0;0;0;0;
25;Fleur;UM;1;2;5;GD;24;5;16;10;0;0;54;0;0;0;0;0;
26;Fleur;KA;7;1;1;GD;0;24;0;22;0;0;64;0;0;0;0;0;
27;Fleur;MA;1;4;1;GD;14;7;9;1;0;0;23;0;0;0;0;0;
28;Fleur;RE;2;4;4;GD;19;5;15;3;0;0;45;0;0;0;0;0;
29;Fleur;MU;3;6;3;GD;10;1;9;2;0;0;22;0;0;0;1;0;
30;Fleur;AK;1;3;4;GD;2;0;3;0;0;0;5;0;0;0;0;0;
31;Fleur;KA;1;1;1;GD;10;0;11;1;0;0;29;0;0;0;0;0;
32;Fleur;MU;3;5;3;GD;24;2;26;3;0;0;51;0;0;0;0;0;
33;Fleur;AK;3;2;1;GD;18;0;19;3;0;0;46;0;0;0;0;0;
34;Fleur;MA;4;1;1;GD;4;0;9;0;0;0;20;0;0;0;0;0;
35;Fleur;AK;3;6;2;GD;5;2;12;1;0;0;25;0;0;0;0;0;
36;Fleur;UM;3;2;3;GD;11;4;10;1;0;0;24;0;0;0;1;0;man, rood+wit oog, RG (bij dead)
37;Fleur;KA;3;2;4;GD;19;0;18;0;0;0;38;0;0;0;0;0;
38;Fleur;MU;3;1;5;GD;13;1;14;1;0;0;31;0;0;0;0;0;
39;Fleur;AK;1;5;4;GD;4;1;8;0;0;0;16;0;0;0;0;0;
40;Fleur;UM;3;2;4;GD;11;2;13;0;0;0;22;0;0;0;0;0;
41;Fleur;MA;6;1;4;GD;15;0;9;0;0;0;30;0;0;0;0;0;
42;Fleur;AK;1;3;2;GD;11;2;9;3;0;0;31;0;0;0;0;0;
43;Fleur;UM;6;6;4;GD;8;0;17;4;0;0;24;0;0;0;0;0;
44;Fleur;KA;1;5;4;GD;11;0;7;2;0;0;23;0;0;0;0;0;
45;Fleur;MU;3;5;1;GD;19;0;8;0;0;0;23;0;0;0;0;0;
46;Fleur;UM;6;3;1;GD;10;1;10;0;0;0;20;0;0;0;0;0;
47;Fleur;MU;5;4;3;GD;4;0;1;0;0;0;21;1;0;0;0;0;
48;Fleur;MA;6;6;1;GD;18;4;16;3;0;0;35;0;0;0;0;0;
49;Fleur;UM;4;4;3;GD;6;0;3;1;0;0;9;0;0;0;0;0;
50;Fleur;KA;1;5;3;GD;14;5;15;1;0;0;37;0;0;0;0;0;
51;Fleur;MA;1;1;2;GD;15;1;19;1;0;0;40;0;0;0;0;0;
52;Fleur;KA;3;1;5;GD;20;4;18;9;0;0;55;0;0;0;0;0;
53;Fleur;UM;3;5;4;GD;15;0;23;1;0;0;39;0;0;0;0;0;
54;Fleur;RE;3;2;2;GD;16;7;18;2;0;0;44;0;0;0;0;0;
55;Fleur;KA;1;5;5;GD;13;11;14;5;0;0;54;0;0;0;0;0;
56;Fleur;UM;3;2;5;GD;13;2;13;0;0;0;31;0;0;0;0;0;
57;Fleur;KA;3;2;1;GD;8;2;17;2;0;0;27;0;0;0;0;0;
58;Fleur;AK;5;6;1;GD;0;15;0;15;0;0;28;0;0;0;0;0;
59;Fleur;KA;4;4;2;GD;23;1;16;1;0;0;28;0;0;0;0;0;
60;Fleur;RE;6;2;5;GD;0;1;1;0;0;0;2;0;0;0;0;0;
61;Fleur;UM;1;2;1;GD;24;0;29;0;0;0;35;0;0;0;0;0;
62;Fleur;MU;3;5;4;GD;15;4;14;11;0;0;61;0;0;0;0;0;
63;Fleur;MA;7;2;1;GD;18;7;13;1;0;0;45;0;0;0;0;0;
64;Fleur;KA;4;1;4;GD;19;3;15;3;0;0;32;0;0;0;0;0;
65;Fleur;MU;4;5;2;GD;18;5;13;1;0;0;32;0;0;0;0;0;
66;Fleur;MA;7;1;4;GD;11;2;12;2;0;0;40;0;0;0;0;0;
67;Fleur;KA;1;5;1;GD;5;0;15;1;0;0;35;0;0;0;0;0;
68;Fleur;RE;6;2;2;GD;13;2;8;2;0;0;22;0;0;0;0;0;
69;Fleur;KA;7;4;1;GD;13;3;6;0;0;0;36;0;0;0;0;0;
70;Fleur;KA;3;2;3;GD;1;0;3;0;0;0;4;0;0;0;0;0;
71;Fleur;UM;4;6;4;GD;7;1;7;1;0;0;17;0;0;0;1;0;
72;Fleur;MA;7;6;2;GD;7;3;8;0;0;0;19;0;0;0;0;0;
73;Fleur;MA;4;6;2;GD;4;1;3;6;0;0;14;0;0;0;0;0;
74;Fleur;RE;4;3;5;GD;4;0;4;0;0;0;3;0;0;0;0;0;
75;Fleur;UM;5;3;1;GD;0;13;0;8;0;0;23;0;0;0;0;0;
76;Fleur;MA;6;6;3;GD;7;1;9;3;0;0;13;0;0;0;0;0;
77;Fleur;RE;6;6;4;GD;11;6;12;6;0;0;22;0;0;0;0;0;
78;Fleur;UM;5;6;3;GD;15;3;17;1;0;0;41;0;0;0;0;0;
79;Fleur;MA;5;1;1;GD;13;0;22;0;0;0;27;0;0;0;0;0;
80;Fleur;MA;4;6;1;GD;28;0;37;0;0;0;59;0;0;0;0;0;
81;Fleur;MA;4;1;4;GD;17;2;14;4;0;0;38;0;0;0;0;0;
82;Fleur;MU;4;5;1;GD;15;1;32;2;0;0;46;0;0;0;0;0;
83;Fleur;RE;2;1;3;GD;28;2;30;5;0;0;38;0;0;0;0;0;
84;Fleur;MA;5;1;3;GD;16;1;18;1;0;0;37;0;0;0;0;1;
85;Fleur;AK;1;3;3;GD;15;2;13;0;0;0;32;0;0;0;0;0;
86;Fleur;RE;1;4;3;GD;9;1;5;0;0;0;16;0;0;0;0;0;
87;Fleur;AK;1;5;1;GD;15;1;9;0;0;0;37;0;0;0;0;0;
88;Fleur;MU;6;6;2;GD;22;5;12;6;0;0;33;0;0;0;0;0;
89;Fleur;MU;3;6;2;GD;21;3;18;2;0;0;51;0;0;0;0;0;
90;Fleur;RE;6;3;2;GD;11;0;7;2;0;0;16;0;0;0;0;0;
91;Fleur;MA;1;2;4;GD;14;3;12;7;0;0;45;0;0;0;0;0;
92;Fleur;RE;2;1;1;GD;24;4;19;1;0;0;40;0;0;0;0;0;
93;Fleur;MU;5;2;5;GD;18;0;15;2;0;0;37;0;0;0;0;0;
94;Fleur;AK;3;3;2;GD;7;1;3;1;0;0;15;0;0;0;0;0;
95;Fleur;UM;6;6;2;GD;10;3;11;0;0;0;32;0;0;0;0;0;
96;Fleur;UM;5;1;5;GD;13;1;9;0;0;0;27;0;0;0;0;0;
97;Fleur;KA;4;4;3;GD;11;2;12;3;0;0;31;0;0;0;0;0;
98;Fleur;MA;5;1;5;GD;11;0;9;1;0;0;18;0;0;0;0;0;
99;Fleur;UM;1;2;3;GD;10;4;6;0;0;0;22;0;0;0;0;0;
100;Fleur;MU;4;2;4;GD;15;2;13;1;0;0;27;0;1;0;0;0;
101;Fleur;AK;1;3;1;GD;6;0;7;2;0;0;29;0;0;0;0;0;
102;Fleur;KA;2;5;5;GD;0;20;0;18;0;0;20;0;0;0;1;0;
103;Fleur;AK;1;5;2;GD;4;0;4;0;0;0;6;0;0;0;0;0;
104;Fleur;MU;1;3;3;GD;6;0;1;0;0;0;5;0;0;0;0;0;
105;Fleur;MU;5;3;4;GD;24;1;26;4;0;0;48;0;0;0;0;0;
106;Fleur;MA;1;5;4;GD;19;3;22;5;0;0;61;0;0;0;0;0;
107;Fleur;MA;7;6;3;GD;20;2;15;7;0;0;52;0;0;0;0;0;
108;Fleur;AK;4;4;4;GD;21;4;13;4;0;0;48;0;0;0;1;0;
109;Fleur;UM;5;3;2;GD;15;3;22;1;0;0;62;0;0;0;0;0;
110;Fleur;AK;1;2;1;GD;7;1;2;0;0;0;43;22;0;0;0;0;
111;Fleur;UM;5;5;5;GD;17;5;28;2;0;0;63;0;0;0;0;0;
112;Fleur;MU;5;4;1;GD;16;5;14;4;0;0;43;0;0;0;0;0;
113;Fleur;UM;5;2;5;GD;15;4;20;6;0;0;54;0;0;0;0;0;
114;Fleur;KA;1;1;2;GD;13;0;15;0;0;0;36;1;0;0;0;0;
115;Fleur;KA;7;3;1;GD;24;4;18;2;0;0;56;0;0;0;1;0;
116;Fleur;AK;2;1;5;GD;13;0;15;2;0;0;31;0;0;0;0;0;
117;Fleur;RE;2;1;5;GD;18;5;11;5;0;0;37;0;0;0;0;0;
118;Fleur;MA;4;6;5;GD;22;1;15;1;0;0;38;0;0;0;0;0;
119;Fleur;MU;4;4;4;GD;0;24;0;15;0;0;45;0;0;0;0;0;
120;Fleur;AK;5;2;1;GD;22;4;22;4;0;0;57;0;0;0;0;0;
121;Fleur;MU;6;6;5;GD;17;1;17;2;0;0;36;0;0;0;0;0;
122;Fleur;AK;3;3;3;GD;17;4;13;1;0;0;30;0;0;0;0;0;
123;Fleur;KA;4;4;5;GD;9;2;9;1;0;0;21;0;0;0;0;0;
124;Fleur;RE;4;5;4;GD;8;1;16;2;0;0;17;0;0;0;1;0;
125;Fleur;AK;4;6;3;GD;0;0;14;0;0;0;11;0;0;0;0;0;
126;Fleur;UM;4;6;5;GD;16;1;16;2;0;0;32;0;0;0;0;0;
127;Fleur;UM;6;4;5;GD;29;4;33;7;0;0;69;0;0;0;0;0;
128;Fleur;UM;5;2;3;GD;14;2;27;1;0;0;49;0;0;0;0;0;
129;Fleur;MU;6;2;2;GD;24;3;22;6;0;0;44;0;0;0;0;0;
130;Fleur;AK;3;5;3;GD;0;22;0;19;0;0;41;0;0;0;0;0;
131;Fleur;UM;3;5;2;GD;22;2;8;4;0;0;52;0;0;0;0;0;
132;Fleur;UM;3;1;1;GD;23;1;21;0;0;0;36;0;0;0;0;0;
133;Fleur;UM;5;1;3;GD;13;2;21;0;0;0;26;0;0;0;0;0;
134;Fleur;RE;4;2;2;GD;12;4;10;6;0;0;29;0;0;0;0;0;
135;Fleur;RE;1;5;2;GD;14;1;23;4;0;0;31;0;0;0;0;0;
136;Fleur;AK;1;6;1;GD;0;15;0;16;0;0;36;0;0;0;0;0;
137;Fleur;UM;3;3;4;GD;20;2;19;1;0;0;33;0;0;0;0;0;
138;Fleur;RE;3;5;1;GD;14;1;7;0;0;0;29;0;0;0;0;0;
139;Fleur;RE;4;3;3;GD;15;5;23;4;0;0;41;0;0;0;0;0;
140;Fleur;UM;3;1;4;GD;11;0;21;1;0;0;34;0;0;0;0;0;
141;Fleur;UM;1;4;3;GD;4;0;8;0;0;0;14;0;0;0;0;0;
142;Fleur;KA;2;6;4;GD;0;1;8;1;0;0;11;0;0;0;0;0;
143;Fleur;RE;3;3;2;GD;5;1;2;1;0;0;5;0;0;0;1;0;
144;Fleur;AK;1;6;4;GD;1;0;1;0;0;0;4;0;0;0;0;0;
145;Fleur;KA;2;3;2;GD;28;1;29;1;0;0;64;0;0;0;0;0;
146;Fleur;KA;2;4;2;GD;19;1;16;3;0;0;33;0;0;0;0;0;
147;Fleur;MA;7;5;5;GD;11;1;27;2;0;0;58;0;0;0;0;0;
148;Fleur;RE;4;4;4;GD;14;2;19;3;0;0;41;0;0;0;0;0;
149;Fleur;MU;4;5;5;GD;9;5;18;2;0;0;42;0;0;0;0;0;
150;Fleur;MU;1;6;2;GD;17;1;14;3;0;0;35;0;0;0;0;0;
151;Fleur;MA;1;6;5;GD;22;5;27;5;0;0;59;0;0;0;0;0;
152;Fleur;KA;7;5;4;GD;16;4;17;3;0;0;44;0;0;0;2;0;
153;Fleur;KA;2;5;1;GD;24;2;14;1;0;0;44;0;0;0;0;0;
154;Fleur;RE;1;5;4;GD;14;1;15;1;0;0;34;0;0;0;0;0;
155;Fleur;RE;6;3;5;GD;13;5;10;6;0;0;34;0;0;0;0;0;
156;Fleur;KA;7;6;2;GD;27;2;26;4;0;0;64;0;0;0;0;0;
157;Fleur;RE;2;4;2;GD;31;1;28;0;0;0;54;0;0;0;0;0;
158;Fleur;MA;5;3;2;GD;16;3;24;1;0;0;48;0;0;0;0;0;
159;Fleur;KA;7;1;2;GD;14;4;25;11;0;0;61;0;0;0;0;0;
160;Fleur;KA;1;1;5;GD;21;0;25;2;0;0;35;0;0;0;0;0;
161;Fleur;UM;6;2;5;GD;33;2;39;4;0;0;56;0;0;0;0;0;
162;Fleur;UM;5;1;4;GD;12;2;23;0;0;0;40;0;0;0;0;0;
163;Fleur;UM;3;4;2;GD;25;2;11;1;0;0;40;0;0;0;0;0;
164;Fleur;MA;7;6;4;GD;14;2;17;3;0;0;43;0;0;0;0;0;
165;Fleur;UM;5;3;5;GD;10;0;15;6;0;0;38;0;0;0;2;0;
166;Fleur;MA;1;4;2;GD;20;0;14;1;0;0;32;0;0;0;0;0;
167;Fleur;UM;3;5;3;GD;0;19;0;12;0;0;27;0;0;0;0;0;
168;Fleur;AK;4;5;5;GD;9;1;10;0;0;0;28;0;0;0;1;0;
169;Fleur;KA;1;4;4;GD;5;1;11;1;0;0;24;0;0;0;0;0;
170;Fleur;MA;6;5;4;GD;11;0;15;2;0;0;28;0;0;0;0;0;female with 1 white and 1 red eye, RG (bij Female redeyes unclear)
171;Fleur;MU;4;5;3;GD;9;6;4;3;0;0;30;0;0;0;0;0;
172;Fleur;MA;1;4;5;GD;9;0;15;3;0;0;18;0;0;0;0;0;
173;Fleur;KA;4;6;3;GD;9;0;7;1;0;0;16;0;0;0;0;0;
174;Fleur;MA;7;6;5;GD;4;2;0;0;0;0;9;0;0;0;0;0;
175;Fleur;KA;4;4;1;GD;1;0;1;0;0;0;2;0;0;0;0;0;
176;Fleur;AK;2;5;5;GD;11;1;14;2;0;0;31;0;0;0;0;0;
177;Fleur;UM;1;6;5;GD;21;5;27;2;0;0;52;0;0;0;0;1;
178;Fleur;UM;5;3;3;GD;21;2;26;4;0;0;45;0;0;0;0;0;
179;Fleur;RE;1;3;4;GD;22;4;25;5;0;0;54;0;0;0;0;0;
180;Fleur;RE;1;3;5;GD;17;2;25;6;0;0;54;0;0;0;1;0;
181;Fleur;KA;3;1;3;GD;15;1;19;3;0;0;58;0;0;0;0;0;
182;Fleur;MA;7;1;2;GD;23;2;15;2;0;0;38;0;0;0;0;0;
183;Fleur;AK;5;4;4;GD;19;1;15;7;0;0;45;0;0;0;0;0;
184;Fleur;MA;6;3;4;GD;8;8;10;10;0;0;36;0;0;0;0;0;
185;Fleur;MU;1;5;4;GD;21;2;22;4;0;0;35;0;0;0;0;0;
186;Fleur;MA;6;1;2;GD;0;8;0;17;0;0;42;0;0;0;0;0;
187;Fleur;UM;6;2;4;GD;2;0;27;4;0;0;35;0;0;0;0;0;
188;Fleur;KA;3;4;1;GD;5;1;9;1;0;0;12;0;0;0;0;0;
189;Fleur;MA;6;1;5;GD;16;3;28;4;0;0;57;0;0;0;0;0;
190;Fleur;AK;4;5;3;GD;14;3;20;7;0;0;44;0;0;0;0;1;
191;Fleur;AK;4;1;2;GD;21;2;23;1;0;0;30;0;0;0;0;0;
192;Fleur;AK;4;6;4;GD;14;4;17;0;0;0;37;0;0;0;0;0;
193;Fleur;KA;1;2;3;GD;14;2;19;3;0;0;38;0;0;0;0;0;
194;Fleur;MA;1;2;2;GD;12;3;13;5;0;0;28;0;0;0;1;0;
195;Fleur;UM;4;6;2;GD;11;3;12;2;0;0;33;0;0;0;0;0;
196;Fleur;AK;2;6;4;GD;5;0;10;0;0;0;18;0;0;0;0;0;
197;Fleur;KA;2;6;5;GD;4;0;5;0;0;0;14;0;0;0;0;0;
198;Fleur;RE;1;1;1;GD;4;0;5;0;0;0;12;0;0;0;0;0;
199;Fleur;UM;6;3;3;GD;2;0;39;9;0;0;62;0;0;0;0;0;
200;Fleur;UM;5;5;2;GD;16;1;29;1;0;0;39;0;0;0;0;0;
201;Fleur;UM;5;4;3;GD;14;1;20;8;0;0;51;0;0;0;0;0;
202;Fleur;MA;1;5;1;GD;16;1;24;0;0;0;47;0;0;0;0;0;
203;Fleur;RE;4;2;3;GD;17;4;24;3;0;0;58;0;0;0;0;0;
204;Fleur;MU;4;1;5;GD;20;1;20;3;0;0;41;0;0;0;0;0;
205;Fleur;MU;5;6;1;GD;13;3;11;2;0;0;32;0;0;0;0;0;
206;Fleur;KA;3;3;3;GD;12;1;10;4;0;0;27;0;0;0;0;0;
207;Fleur;UM;4;3;2;GD;12;2;7;5;0;0;28;0;0;0;0;0;
208;Fleur;KA;3;4;4;GD;8;1;5;0;0;0;18;0;0;0;0;0;
209;Fleur;UM;5;2;4;GD;21;2;29;2;0;0;53;0;0;0;0;0;
210;Fleur;MA;1;1;3;GD;18;1;25;1;0;0;61;0;0;0;0;1;
211;Fleur;UM;3;4;5;GD;20;9;13;7;0;0;46;0;0;0;0;0;
212;Fleur;KA;2;6;3;GD;8;1;4;1;0;0;36;19;0;0;0;0;
213;Fleur;UM;5;4;1;GD;9;1;17;5;0;0;49;0;0;0;0;0;
214;Fleur;MA;4;4;5;GD;10;0;2;0;0;0;33;8;0;0;0;0;
215;Fleur;AK;3;5;2;GD;19;2;34;8;0;0;67;0;0;0;0;0;
216;Fleur;KA;7;6;3;GD;21;5;24;4;0;0;70;0;0;0;0;0;
217;Fleur;AK;1;2;2;GD;0;27;0;32;0;0;80;0;0;0;0;0;
218;Fleur;RE;4;4;2;GD;22;5;23;4;0;0;49;0;0;0;2;0;
219;Fleur;KA;3;1;4;GD;21;2;22;0;0;0;43;0;0;0;0;0;
220;Fleur;MA;4;4;3;GD;6;0;1;0;0;0;38;13;0;0;0;0;
221;Fleur;AK;3;4;5;GD;13;0;15;0;0;0;34;0;0;0;0;0;
222;Fleur;KA;1;2;5;GD;14;0;11;1;0;0;20;0;0;0;0;0;
223;Fleur;UM;3;4;1;GD;18;2;23;2;0;0;48;0;0;0;0;0;
224;Fleur;MA;7;1;5;GD;17;3;19;0;0;0;55;0;0;0;1;0;
225;Fleur;UM;6;3;2;GD;17;3;15;5;0;0;56;0;0;0;0;0;
226;Fleur;KA;2;1;4;GD;11;1;15;3;0;0;32;0;0;0;0;0;
227;Fleur;RE;4;1;3;GD;12;4;10;4;0;0;32;0;0;0;0;0;
228;Fleur;MA;5;1;4;GD;0;16;0;22;0;0;23;0;0;0;0;0;
229;Fleur;AK;5;4;3;GD;8;0;12;0;0;0;21;0;0;0;0;0;
230;Fleur;AK;5;4;1;GD;7;2;5;4;0;0;27;0;0;0;0;0;
231;Fleur;MU;3;4;3;GD;5;1;7;1;0;0;20;0;0;0;0;0;
232;Fleur;MU;5;4;2;GD;5;1;3;0;0;0;7;0;0;0;0;0;
233;Fleur;MA;1;1;5;GD;24;0;32;1;0;0;61;0;0;0;0;0;
234;Fleur;AK;5;3;5;GD;28;4;26;3;0;0;54;0;0;0;0;1;
235;Fleur;RE;6;2;4;GD;17;2;24;3;0;0;50;0;0;0;0;0;
236;Fleur;AK;1;6;2;GD;14;0;13;2;0;0;46;0;0;0;0;0;
237;Fleur;MA;1;5;5;GD;17;2;23;1;0;0;37;0;0;0;0;0;
238;Fleur;RE;4;1;1;GD;18;1;15;2;0;0;25;0;0;0;0;0;
239;Fleur;MA;1;6;1;GD;11;0;2;0;0;0;38;21;0;0;0;0;
240;Fleur;MA;7;4;2;GD;18;3;11;4;0;0;29;0;0;0;0;0;
241;Fleur;MA;4;3;2;GD;16;2;19;0;0;0;55;0;0;0;0;0;
242;Fleur;UM;5;1;1;GD;23;5;36;3;0;0;47;0;0;0;0;0;
243;Fleur;AK;4;5;1;GD;14;3;20;4;0;0;47;0;0;0;0;0;
244;Fleur;UM;6;2;3;GD;0;10;0;50;0;0;82;0;0;0;4;0;
245;Fleur;UM;6;2;2;GD;17;5;16;6;0;0;44;0;0;0;1;2;
246;Fleur;MU;1;4;3;GD;14;5;26;4;0;0;56;0;0;0;0;0;
247;Fleur;MA;5;3;1;GD;14;1;11;2;0;0;42;0;0;0;0;0;
248;Fleur;KA;1;2;2;GD;15;0;20;3;0;0;39;0;0;0;0;0;
249;Fleur;UM;4;4;1;GD;21;1;17;1;0;0;34;0;0;0;0;0;
250;Fleur;KA;2;5;4;GD;20;0;11;0;0;0;37;0;0;0;0;0;
251;Fleur;KA;2;3;1;GD;11;1;8;0;0;0;53;32;0;0;0;0;
252;Fleur;UM;1;4;1;GD;21;0;27;1;0;0;54;0;0;0;0;0;
253;Fleur;UM;3;3;1;GD;27;5;17;4;0;0;44;0;0;0;0;0;
254;Fleur;AK;5;4;5;GD;19;0;19;2;0;0;47;0;0;0;0;0;
255;Fleur;AK;5;3;3;GD;9;6;21;6;0;0;34;0;0;0;1;0;
256;Fleur;KA;2;4;1;GD;0;20;0;24;0;0;47;0;0;0;0;0;
257;Fleur;MU;3;1;3;GD;22;1;28;0;0;0;67;0;0;0;0;0;
258;Fleur;MA;1;3;1;GD;16;2;18;7;0;0;46;0;0;0;0;0;
259;Fleur;MU;3;5;2;GD;17;5;22;3;0;0;30;0;0;0;0;0;
260;Fleur;UM;6;1;3;GD;11;4;12;2;0;0;27;0;0;0;0;0;
261;Fleur;MU;1;2;2;GD;21;1;23;3;0;0;57;0;0;0;0;0;
262;Fleur;RE;6;4;2;GD;16;5;41;8;0;0;58;0;0;0;0;0;
263;Fleur;MA;5;3;5;GD;22;1;25;1;0;0;50;0;0;0;0;0;
264;Fleur;MA;4;1;3;GD;26;0;29;1;0;0;53;0;0;0;0;0;
265;Fleur;UM;1;6;4;GD;24;8;29;5;0;0;64;0;0;0;0;0;
266;Fleur;MA;4;4;1;GD;15;0;19;0;0;0;41;0;0;0;0;0;
267;Fleur;UM;4;6;3;GD;15;2;21;0;0;0;45;0;0;0;0;0;
268;Fleur;UM;1;5;5;GD;18;2;8;1;0;0;31;0;0;0;0;0;
269;Fleur;MA;7;1;3;GD;16;0;15;1;0;0;32;0;0;0;0;0;
270;Fleur;MA;7;6;1;GD;10;0;14;1;0;0;40;0;0;0;0;0;
271;Fleur;UM;3;3;3;GD;0;20;0;38;0;0;76;0;0;0;1;0;
272;Fleur;UM;6;6;3;GD;17;2;20;5;0;0;46;0;0;0;0;1;
273;Fleur;MU;5;2;3;GD;23;4;24;2;0;0;49;0;0;0;0;0;
274;Fleur;RE;6;4;5;GD;18;4;11;3;0;0;56;0;0;0;0;0;
275;Fleur;RE;3;4;4;GD;25;5;29;1;0;0;63;0;0;0;0;0;
276;Fleur;KA;2;3;4;GD;22;1;24;2;0;0;59;0;0;0;0;0;
277;Fleur;RE;3;4;5;GD;35;2;32;3;0;0;46;0;0;0;0;0;
278;Fleur;RE;4;3;1;GD;19;4;23;3;0;0;57;0;0;0;0;0;
279;Fleur;KA;1;3;1;GD;23;6;21;3;0;0;63;0;0;0;0;0;
280;Fleur;AK;4;4;3;GD;19;1;24;1;0;0;69;0;0;0;0;0;
281;Fleur;UM;3;2;2;GD;26;1;23;0;0;0;65;0;0;0;0;0;
282;Fleur;UM;1;4;2;GD;22;2;27;2;0;0;44;0;0;0;0;0;
283;Fleur;AK;2;1;1;GD;23;1;34;3;0;0;49;0;0;0;0;0;
284;Fleur;MA;7;5;3;GD;15;7;20;2;0;0;55;0;0;0;0;0;
285;Fleur;UM;6;6;1;GD;11;2;16;5;0;0;40;0;0;0;0;0;
286;Fleur;RE;4;3;4;GD;12;0;19;4;0;0;46;0;0;0;0;0;
287;Fleur;AK;5;2;2;GD;30;1;37;2;0;0;71;0;0;0;0;0;
288;Fleur;MU;1;2;4;GD;15;7;16;3;0;0;54;0;0;0;0;0;
289;Fleur;AK;4;6;5;GD;21;3;27;4;0;0;45;0;0;0;0;0;
290;Fleur;UM;1;1;1;GD;25;3;17;2;0;0;41;0;0;0;0;0;
291;Fleur;MA;6;6;2;GD;14;1;9;2;0;0;32;0;0;0;0;0;
292;Fleur;MU;1;6;3;GD;22;3;17;1;0;0;58;0;0;0;0;0;
293;Fleur;MU;5;4;5;CO;0;0;0;0;0;0;0;0;0;61;0;0;
294;Fleur;RE;6;5;3;CO;0;0;0;0;0;0;0;0;0;94;0;0;
295;Fleur;AK;1;3;5;CO;0;0;0;0;0;0;0;0;0;86;0;0;
296;Fleur;MU;5;6;5;CO;0;0;0;0;0;0;0;0;0;48;0;2;
297;Fleur;UM;6;6;5;CO;0;0;0;0;0;0;0;0;0;95;0;0;
298;Fleur;MU;5;4;3;CO;0;0;0;0;0;0;0;0;0;84;0;0;
299;Fleur;KA;1;5;2;CO;0;0;0;0;0;0;0;0;0;92;0;0;
300;Fleur;AK;5;2;5;CO;0;0;0;0;0;0;0;0;0;78;0;0;
301;Fleur;AK;2;5;3;CO;0;0;0;0;0;0;0;0;0;82;0;0;
302;Fleur;RE;1;1;5;CO;0;0;0;0;0;0;0;0;0;36;0;0;
303;Fleur;MA;6;6;5;CO;0;0;0;0;0;0;0;0;0;81;0;0;
304;Fleur;AK;5;6;1;CO;0;0;0;0;0;0;0;0;0;58;0;0;
305;Fleur;RE;4;3;5;CO;0;0;0;0;0;0;0;0;0;48;0;0;
306;Fleur;MA;6;3;2;CO;0;0;0;0;0;0;0;0;0;84;0;0;
307;Fleur;MA;6;1;5;CO;0;0;0;0;0;0;0;0;0;31;0;0;
308;Fleur;UM;4;6;5;CO;0;0;0;0;0;0;0;0;0;89;0;0;
309;Fleur;MA;1;1;1;CO;0;0;0;0;0;0;0;0;0;132;0;0;
310;Fleur;KA;2;1;4;CO;0;0;0;0;0;0;0;0;0;31;0;0;
311;Fleur;RE;3;5;3;CO;0;0;0;0;0;0;0;0;0;47;0;0;
312;Fleur;UM;3;3;5;CO;0;0;0;0;0;0;0;0;0;77;0;0;
313;Fleur;UM;1;6;5;CO;0;0;0;0;0;0;0;0;0;68;0;0;
314;Fleur;MA;1;4;5;CO;0;0;0;0;0;0;0;0;0;89;0;0;
315;Fleur;RE;1;3;5;CO;0;0;0;0;0;0;0;0;0;16;0;0;
316;Fleur;UM;4;6;1;CO;0;0;0;0;0;0;0;0;0;73;0;0;
317;Fleur;AK;4;5;4;CO;0;0;0;0;0;0;0;0;0;77;0;0;
318;Fleur;AK;1;1;4;CO;0;0;0;0;0;0;0;0;0;31;0;0;
319;Fleur;AK;4;5;3;CO;0;0;0;0;0;0;0;0;0;25;0;0;
320;Fleur;KA;3;2;1;CO;0;0;0;0;0;0;0;0;0;56;0;0;
321;Fleur;AK;2;2;2;CO;0;0;0;0;0;0;0;0;0;36;0;0;
322;Fleur;MA;6;5;3;CO;0;0;0;0;0;0;0;0;0;103;0;0;
323;Fleur;RE;2;4;5;CO;0;0;0;0;0;0;0;0;0;76;0;0;
324;Fleur;UM;6;3;5;CO;0;0;0;0;0;0;0;0;0;71;0;0;
325;Fleur;RE;1;2;1;CO;0;0;0;0;0;0;0;0;0;89;0;0;
326;Fleur;UM;3;6;2;CO;0;0;0;0;0;0;0;0;0;111;0;0;
327;Fleur;UM;3;6;1;CO;0;0;0;0;0;0;0;0;0;91;0;0;
328;Fleur;RE;1;2;3;CO;0;0;0;0;0;0;0;0;0;140;0;0;
329;Fleur;UM;4;4;4;CO;0;0;0;0;0;0;0;0;0;53;0;0;
330;Fleur;UM;1;5;2;CO;0;0;0;0;0;0;0;0;0;117;0;0;
331;Fleur;UM;3;1;2;CO;0;0;0;0;0;0;0;0;0;69;0;0;
332;Fleur;KA;7;6;4;CO;0;0;0;0;0;0;0;0;0;113;0;0;
333;Fleur;RE;3;1;2;CO;0;0;0;0;0;0;0;0;0;126;0;0;
334;Fleur;KA;7;6;2;CO;0;0;0;0;0;0;0;0;0;103;0;0;
335;Fleur;MU;1;3;4;CO;0;0;0;0;0;0;0;0;0;69;0;0;
336;Fleur;MU;4;5;5;CO;0;0;0;0;0;0;0;0;0;109;0;0;
337;Fleur;MA;7;4;4;CO;0;0;0;0;0;0;0;0;0;100;0;0;
338;Fleur;MU;1;2;5;CO;0;0;0;0;0;0;0;0;0;94;0;0;
339;Fleur;MA;5;5;1;CO;0;0;0;0;0;0;0;0;0;53;1;0;
340;Fleur;AK;2;4;2;CO;0;0;0;0;0;0;0;0;0;89;1;0;
341;Fleur;AK;1;6;1;CO;0;0;0;0;0;0;0;0;0;45;0;0;
342;Fleur;MA;5;3;4;CO;0;0;0;0;0;0;0;0;0;72;0;0;
343;Fleur;UM;6;6;2;CO;0;0;0;0;0;0;0;0;0;73;0;0;
344;Fleur;MA;5;5;5;CO;0;0;0;0;0;0;0;0;0;13;0;0;
345;Fleur;AK;4;3;2;CO;0;0;0;0;0;0;0;0;0;73;0;0;
346;Fleur;UM;3;3;3;CO;0;0;0;0;0;0;0;0;0;22;0;0;
347;Fleur;RE;1;3;4;CO;0;0;0;0;0;0;0;0;0;80;0;0;
348;Fleur;RE;6;4;4;CO;0;0;0;0;0;0;0;0;0;79;0;0;
349;Fleur;KA;7;6;5;CO;0;0;0;0;0;0;0;0;0;141;0;0;
350;Fleur;RE;4;4;4;CO;0;0;0;0;0;0;0;0;0;98;0;0;
351;Fleur;AK;1;4;4;CO;0;0;0;0;0;0;0;0;0;58;1;0;
352;Fleur;MA;7;5;2;CO;0;0;0;0;0;0;0;0;0;91;0;0;
353;Fleur;UM;1;6;3;CO;0;0;0;0;0;0;0;0;0;88;0;0;
354;Fleur;MU;6;5;2;CO;0;0;0;0;0;0;0;0;0;104;0;0;
355;Fleur;KA;2;4;3;CO;0;0;0;0;0;0;0;0;0;85;1;1;
356;Fleur;MA;7;5;1;CO;0;0;0;0;0;0;0;0;0;60;0;0;
357;Fleur;RE;6;6;4;CO;0;0;0;0;0;0;0;0;0;102;0;0;
358;Fleur;MA;1;6;3;CO;0;0;0;0;0;0;0;0;0;122;0;0;
359;Fleur;MA;4;6;2;CO;0;0;0;0;0;0;0;0;0;22;0;0;
360;Fleur;RE;1;2;5;CO;0;0;0;0;0;0;0;0;0;93;0;0;
361;Fleur;RE;6;5;1;CO;0;0;0;0;0;0;0;0;0;79;1;0;
362;Fleur;MU;6;6;5;CO;0;0;0;0;0;0;0;0;0;135;1;0;
363;Fleur;RE;3;5;1;CO;0;0;0;0;0;0;0;0;0;70;0;0;
364;Fleur;MU;5;4;4;CO;0;0;0;0;0;0;0;0;0;101;0;0;
365;Fleur;MU;5;6;2;CO;0;0;0;0;0;0;0;0;0;136;0;0;
366;Fleur;RE;3;1;5;CO;0;0;0;0;0;0;0;0;0;73;0;0;
367;Fleur;MA;1;6;4;CO;0;0;0;0;0;0;0;0;0;84;0;0;
368;Fleur;RE;3;4;1;CO;0;0;0;0;0;0;0;0;0;20;0;0;
369;Fleur;RE;4;3;1;CO;0;0;0;0;0;0;0;0;0;109;0;0;
370;Fleur;MA;1;6;1;CO;0;0;0;0;0;0;0;0;0;112;0;0;
371;Fleur;AK;5;2;3;CO;0;0;0;0;0;0;0;0;0;77;0;0;
372;Fleur;UM;6;6;4;CO;0;0;0;0;0;0;0;0;0;122;0;0;
373;Fleur;AK;1;4;2;CO;0;0;0;0;0;0;0;0;0;79;0;0;
374;Fleur;MA;5;6;2;CO;0;0;0;0;0;0;0;0;0;16;0;0;
375;Fleur;MA;5;6;3;CO;0;0;0;0;0;0;0;0;0;52;0;0;
376;Fleur;RE;2;4;3;CO;0;0;0;0;0;0;0;0;0;125;1;0;
377;Fleur;UM;3;4;4;CO;0;0;0;0;0;0;0;0;0;71;0;0;
378;Fleur;RE;6;5;2;CO;0;0;0;0;0;0;0;0;0;101;0;1;
379;Fleur;AK;5;6;5;CO;0;0;0;0;0;0;0;0;0;87;0;0;
380;Fleur;RE;6;5;5;CO;0;0;0;0;0;0;0;0;0;78;3;0;
381;Fleur;MA;5;6;1;CO;0;0;0;0;0;0;0;0;0;84;0;0;
382;Fleur;UM;4;4;1;CO;0;0;0;0;0;0;0;0;0;29;0;0;
383;Fleur;MA;6;6;4;CO;0;0;0;0;0;0;0;0;0;99;0;0;
384;Fleur;UM;3;6;5;CO;0;0;0;0;0;0;0;0;0;113;0;0;
385;Fleur;MU;3;5;5;CO;0;0;0;0;0;0;0;0;0;66;0;0;
386;Fleur;MU;3;4;4;CO;0;0;0;0;0;0;0;0;0;82;0;0;
387;Fleur;UM;5;6;3;CO;0;0;0;0;0;0;0;0;0;126;0;0;
388;Fleur;AK;3;6;4;CO;0;0;0;0;0;0;0;0;0;66;0;0;
389;Fleur;MA;6;3;5;CO;0;0;0;0;0;0;0;0;0;69;0;0;
390;Fleur;MA;7;6;1;CO;0;0;0;0;0;0;0;0;0;112;0;0;
391;Fleur;UM;3;4;2;CO;0;0;0;0;0;0;0;0;0;98;0;1;
392;Fleur;RE;4;4;5;CO;0;0;0;0;0;0;0;0;0;26;0;0;
393;Fleur;AK;5;6;4;CO;0;0;0;0;0;0;0;0;0;89;0;0;
394;Fleur;RE;4;1;1;CO;0;0;0;0;0;0;0;0;0;94;0;0;
395;Fleur;MU;4;4;2;CO;0;0;0;0;0;0;0;0;0;71;0;0;
396;Fleur;MU;3;4;2;CO;0;0;0;0;0;0;0;0;0;125;0;0;
397;Fleur;AK;5;4;2;CO;0;0;0;0;0;0;0;0;0;93;0;0;
398;Fleur;MA;6;1;1;CO;0;0;0;0;0;0;0;0;0;28;0;0;
399;Fleur;AK;3;6;5;CO;0;0;0;0;0;0;0;0;0;80;0;0;
400;Fleur;MU;5;6;1;CO;0;0;0;0;0;0;0;0;0;79;0;0;
401;Fleur;MA;1;5;5;CO;0;0;0;0;0;0;0;0;0;90;0;0;
402;Fleur;AK;3;6;2;CO;0;0;0;0;0;0;0;0;0;99;0;0;
403;Fleur;KA;3;5;4;CO;0;0;0;0;0;0;0;0;0;82;0;0;
404;Fleur;UM;6;4;5;CO;0;0;0;0;0;0;0;0;0;123;0;0;
405;Fleur;MU;3;5;2;CO;0;0;0;0;0;0;0;0;0;120;1;0;
406;Fleur;UM;4;2;1;CO;0;0;0;0;0;0;0;0;0;83;1;0;
407;Fleur;KA;7;4;4;CO;0;0;0;0;0;0;0;0;0;104;0;0;
408;Fleur;MA;1;1;4;CO;0;0;0;0;0;0;0;0;0;102;0;0;
409;Fleur;KA;1;3;3;CO;0;0;0;0;0;0;0;0;0;77;0;0;
410;Fleur;RE;6;5;4;CO;0;0;0;0;0;0;0;0;0;99;0;0;
411;Fleur;UM;1;6;4;CO;0;0;0;0;0;0;0;0;0;117;0;0;
412;Fleur;MA;1;5;1;CO;0;0;0;0;0;0;0;0;0;86;0;0;
413;Fleur;AK;3;3;3;CO;0;0;0;0;0;0;0;0;0;65;0;0;
414;Fleur;MA;1;6;2;CO;0;0;0;0;0;0;0;0;0;29;0;0;
415;Fleur;UM;1;5;1;CO;0;0;0;0;0;0;0;0;0;122;0;0;
416;Fleur;RE;6;4;5;CO;0;0;0;0;0;0;0;0;0;63;0;0;
417;Fleur;KA;1;5;5;CO;0;0;0;0;0;0;0;0;0;75;0;0;
418;Fleur;RE;6;4;2;CO;0;0;0;0;0;0;0;0;0;87;0;0;
419;Fleur;UM;3;2;1;CO;0;0;0;0;0;0;0;0;0;125;1;0;
420;Fleur;AK;4;3;4;CO;0;0;0;0;0;0;0;0;0;119;0;0;
421;Fleur;UM;5;2;4;CO;0;0;0;0;0;0;0;0;0;61;0;0;
422;Fleur;RE;6;1;4;CO;0;0;0;0;0;0;0;0;0;85;0;0;
423;Fleur;MU;6;4;4;CO;0;0;0;0;0;0;0;0;0;79;0;0;
424;Fleur;MU;6;5;5;CO;0;0;0;0;0;0;0;0;0;79;0;0;
425;Fleur;RE;4;2;1;CO;0;0;0;0;0;0;0;0;0;37;0;0;
426;Fleur;UM;3;3;1;CO;0;0;0;0;0;0;0;0;0;56;0;0;
427;Fleur;RE;2;4;1;CO;0;0;0;0;0;0;0;0;0;61;0;0;
428;Fleur;AK;4;1;4;CO;0;0;0;0;0;0;0;0;0;110;0;0;
429;Fleur;MU;5;5;4;CO;0;0;0;0;0;0;0;0;0;122;1;0;
430;Fleur;AK;2;2;5;CO;0;0;0;0;0;0;0;0;0;73;0;0;
431;Fleur;AK;5;1;2;CO;0;0;0;0;0;0;0;0;0;115;0;0;
432;Fleur;MU;3;1;4;CO;0;0;0;0;0;0;0;0;0;100;0;0;
433;Fleur;AK;2;5;2;CO;0;0;0;0;0;0;0;0;0;61;0;0;
434;Fleur;KA;1;3;1;CO;0;0;0;0;0;0;0;0;0;79;0;0;
435;Fleur;KA;3;1;5;CO;0;0;0;0;0;0;0;0;0;80;0;0;
436;Fleur;AK;1;5;1;CO;0;0;0;0;0;0;0;0;0;65;0;0;
437;Fleur;MU;6;4;3;CO;0;0;0;0;0;0;0;0;0;124;0;0;
438;Fleur;MA;7;5;4;CO;0;0;0;0;0;0;0;0;0;67;0;0;
439;Fleur;RE;3;5;2;CO;0;0;0;0;0;0;0;0;0;57;0;0;
440;Fleur;AK;2;5;1;CO;0;0;0;0;0;0;0;0;0;66;0;0;
441;Fleur;MU;1;3;5;CO;0;0;0;0;0;0;0;0;0;74;0;0;
442;Fleur;RE;4;4;3;CO;0;0;0;0;0;0;0;0;0;95;1;0;
443;Fleur;RE;6;6;2;CO;0;0;0;0;0;0;0;0;0;65;0;0;
444;Fleur;KA;7;3;1;CO;0;0;0;0;0;0;0;0;0;133;0;0;
445;Fleur;RE;4;3;4;CO;0;0;0;0;0;0;0;0;0;94;0;0;
446;Fleur;UM;1;1;2;CO;0;0;0;0;0;0;0;0;0;89;0;0;
447;Fleur;MU;6;6;4;CO;0;0;0;0;0;0;0;0;0;81;0;0;
448;Fleur;MU;1;2;2;CO;0;0;0;0;0;0;0;0;0;96;0;0;
449;Fleur;UM;5;4;2;CO;0;0;0;0;0;0;0;0;0;123;0;0;
450;Fleur;MU;4;6;5;CO;0;0;0;0;0;0;0;0;0;106;1;0;
451;Fleur;MU;5;4;2;CO;0;0;0;0;0;0;0;0;0;104;0;0;
452;Fleur;AK;3;5;4;CO;0;0;0;0;0;0;0;0;0;68;0;0;
453;Fleur;RE;4;2;3;CO;0;0;0;0;0;0;0;0;0;75;2;0;
454;Fleur;AK;1;6;2;CO;0;0;0;0;0;0;0;0;0;78;0;0;
455;Fleur;AK;2;4;3;CO;0;0;0;0;0;0;0;0;0;80;0;0;
456;Fleur;MU;6;4;2;CO;0;0;0;0;0;0;0;0;0;134;0;0;
457;Fleur;MU;3;5;3;CO;0;0;0;0;0;0;0;0;0;87;0;0;
458;Fleur;AK;2;6;5;CO;0;0;0;0;0;0;0;0;0;84;0;0;
459;Fleur;MU;4;4;5;CO;0;0;0;0;0;0;0;0;0;78;0;0;
460;Fleur;MA;7;6;2;CO;0;0;0;0;0;0;0;0;0;86;0;0;
461;Fleur;UM;3;5;2;CO;0;0;0;0;0;0;0;0;0;62;0;0;
462;Fleur;UM;4;1;5;CO;0;0;0;0;0;0;0;0;0;78;0;0;
463;Fleur;UM;4;6;2;CO;0;0;0;0;0;0;0;0;0;102;1;0;
464;Fleur;AK;4;5;1;CO;0;0;0;0;0;0;0;0;0;70;0;1;
465;Fleur;MU;1;3;2;CO;0;0;0;0;0;0;0;0;0;83;0;0;
466;Fleur;RE;4;3;3;CO;0;0;0;0;0;0;0;0;0;69;0;0;
467;Fleur;MA;1;6;5;CO;0;0;0;0;0;0;0;0;0;68;0;0;
468;Fleur;MA;6;1;2;CO;0;0;0;0;0;0;0;0;0;46;0;0;
469;Jimmie;KA;2;1;1;GD;5;1;2;3;0;0;12;0;0;0;0;0;
470;Jimmie;MU;1;3;4;GD;10;1;19;2;0;0;19;0;0;0;0;0;
471;Jimmie;MU;6;5;2;GD;26;2;21;2;0;0;57;0;0;0;1;0;
472;Jimmie;MU;1;5;2;GD;2;1;0;1;0;0;3;0;0;0;0;0;
473;Jimmie;MU;6;4;1;GD;5;4;8;2;0;0;22;0;0;0;0;0;
474;Jimmie;AK;2;5;2;GD;7;1;2;0;0;0;13;0;0;0;0;0;
475;Jimmie;RE;1;3;1;GD;7;3;4;2;0;0;9;0;0;0;0;0;
476;Jimmie;MA;5;4;3;GD;21;0;21;1;0;0;71;0;0;0;0;0;
477;Jimmie;AK;3;5;1;GD;26;0;18;1;0;0;59;0;0;0;0;0;
478;Jimmie;MA;6;6;4;GD;1;1;1;0;0;0;5;0;0;0;0;0;
479;Jimmie;KA;3;5;2;GD;0;0;1;0;0;0;3;0;0;0;0;0;
480;Jimmie;KA;3;5;1;GD;12;1;13;1;0;0;20;0;0;0;0;0;
481;Jimmie;RE;1;3;3;GD;3;1;14;2;0;0;25;0;0;0;0;0;
482;Jimmie;MA;1;3;2;GD;22;1;29;1;0;0;66;0;0;0;1;0;
483;Jimmie;RE;3;1;4;GD;23;1;18;4;0;0;35;0;0;0;0;0;
484;Jimmie;AK;5;2;4;GD;13;0;10;0;0;0;16;0;0;0;0;0;
485;Jimmie;RE;6;2;3;GD;17;4;14;3;0;0;39;0;0;0;0;0;
486;Jimmie;KA;3;5;5;GD;7;2;7;2;0;0;9;0;0;0;0;0;
487;Jimmie;MU;1;4;1;GD;0;0;10;5;0;0;18;1;0;0;0;0;
488;Jimmie;RE;4;4;1;GD;9;2;17;0;0;0;18;0;0;0;0;0;
489;Jimmie;MU;6;1;3;GD;26;4;25;3;0;0;50;0;0;0;0;0;
490;Jimmie;MU;3;5;5;GD;0;10;0;11;0;0;20;0;0;0;0;0;
491;Jimmie;MA;4;3;1;GD;14;3;18;0;0;0;28;0;0;0;0;0;
492;Jimmie;RE;4;4;5;GD;2;2;8;0;0;0;12;0;0;0;0;0;
493;Jimmie;AK;3;5;4;GD;6;0;6;2;0;0;8;0;0;0;0;0;
494;Jimmie;MU;6;1;5;GD;0;8;0;12;0;0;25;0;0;0;0;0;
495;Jimmie;KA;3;3;1;GD;12;6;21;5;0;0;59;0;0;0;1;0;
496;Jimmie;RE;1;4;4;GD;20;1;23;8;0;0;47;0;0;0;0;0;
497;Jimmie;MA;4;1;5;GD;30;0;28;0;0;0;56;0;0;0;0;0;
498;Jimmie;MA;1;2;5;GD;13;1;22;0;0;0;28;0;0;0;0;0;
499;Jimmie;MA;5;3;4;GD;17;1;19;0;0;0;35;0;0;0;0;0;
500;Jimmie;MU;5;3;1;GD;17;2;7;4;0;0;20;0;0;0;0;0;
501;Jimmie;MA;1;2;3;GD;18;3;20;4;0;0;47;0;0;0;0;0;
502;Jimmie;RE;4;2;5;GD;19;0;16;2;0;0;33;0;0;0;0;0;
503;Jimmie;UM;6;1;4;GD;22;7;21;5;0;0;60;0;0;0;0;0;
504;Jimmie;KA;7;5;1;GD;14;3;26;2;0;0;39;0;0;0;0;0;
505;Jimmie;MU;1;5;5;GD;21;2;26;3;0;0;6;0;0;0;0;0;
506;Jimmie;AK;1;4;4;GD;20;2;22;6;0;0;49;0;0;0;0;0;
507;Jimmie;MA;7;5;4;GD;0;0;0;1;0;0;0;0;0;0;0;0;
508;Jimmie;MU;4;6;1;GD;10;0;6;0;0;0;15;0;0;0;0;0;
509;Jimmie;MA;5;6;1;GD;6;1;14;4;0;0;30;0;0;0;0;0;
510;Jimmie;AK;4;6;2;GD;11;7;6;2;0;0;19;0;0;0;0;0;
511;Jimmie;AK;3;4;4;GD;12;0;13;0;0;0;24;0;0;0;0;0;
512;Jimmie;MU;4;5;4;GD;22;3;25;5;0;0;47;0;0;0;0;0;
513;Jimmie;MA;4;6;3;GD;28;1;24;2;0;0;62;0;0;0;0;0;
514;Jimmie;UM;4;4;5;GD;18;0;12;0;0;0;54;0;0;0;0;0;
515;Jimmie;MU;3;4;2;GD;2;0;3;1;0;0;14;0;0;0;0;0;
516;Jimmie;UM;3;4;3;GD;15;0;13;1;0;0;27;0;0;0;0;0;
517;Jimmie;MA;4;3;5;GD;2;1;19;3;0;0;35;0;0;0;0;0;
518;Jimmie;RE;1;1;3;GD;15;1;14;1;0;0;27;0;0;0;0;0;
519;Jimmie;KA;1;4;1;GD;13;0;7;1;0;0;21;0;0;0;0;0;
520;Jimmie;AK;3;5;5;GD;17;1;16;1;0;0;37;0;0;0;0;0;
521;Jimmie;KA;1;4;3;GD;9;1;15;0;0;0;29;0;0;0;0;0;
522;Jimmie;AK;3;4;2;GD;21;1;20;2;0;0;51;0;0;0;0;0;
523;Jimmie;KA;3;2;2;GD;16;3;14;1;0;0;20;0;0;0;0;0;
524;Jimmie;UM;1;5;3;GD;24;1;23;2;0;0;36;0;0;0;0;0;
525;Jimmie;UM;3;3;5;GD;14;0;24;0;0;0;49;0;0;0;0;0;
526;Jimmie;UM;4;4;4;GD;13;1;20;2;0;0;23;0;0;0;0;0;
527;Jimmie;UM;5;4;4;GD;15;1;12;0;0;0;25;0;0;0;0;0;
528;Jimmie;UM;3;4;4;GD;11;1;18;0;0;0;21;0;0;0;0;0;
529;Jimmie;UM;4;5;5;GD;17;3;15;4;0;0;36;0;0;0;0;0;
530;Jimmie;UM;1;5;2;GD;12;3;27;3;0;0;43;0;0;0;0;0;
531;Jimmie;MU;1;2;3;GD;13;1;19;0;0;0;42;0;0;0;0;0;
532;Jimmie;AK;3;4;1;GD;14;2;19;4;0;0;47;0;0;0;0;0;
533;Jimmie;MA;7;5;2;GD;13;2;29;3;0;0;46;0;0;0;0;0;
534;Jimmie;KA;1;3;5;GD;29;1;20;1;0;0;45;0;0;0;0;0;
535;Jimmie;MA;1;3;3;GD;22;3;17;3;0;0;46;0;0;0;0;0;
536;Jimmie;KA;2;4;3;GD;25;7;21;4;0;0;41;0;0;0;0;0;
537;Jimmie;RE;3;3;5;GD;34;1;12;0;0;0;63;0;0;0;0;0;
538;Jimmie;KA;3;4;5;GD;23;2;15;2;0;0;44;0;0;0;0;0;
539;Jimmie;RE;6;4;3;GD;15;5;23;3;0;0;36;0;0;0;0;0;
540;Jimmie;MU;6;4;5;GD;17;2;19;8;0;0;61;0;0;0;0;0;
541;Jimmie;RE;1;5;3;GD;33;1;37;5;0;0;70;0;0;0;0;0;
542;Jimmie;KA;3;1;2;GD;17;2;14;2;0;0;27;0;0;0;0;0;
543;Jimmie;MA;5;5;2;GD;20;10;16;2;0;0;45;0;0;0;0;0;
544;Jimmie;RE;3;5;5;GD;22;4;33;6;0;0;54;0;0;0;1;0;
545;Jimmie;KA;1;4;2;GD;12;14;11;7;0;0;50;0;0;0;0;0;
546;Jimmie;MU;3;4;1;GD;19;3;38;1;0;0;54;0;0;0;0;0;
547;Jimmie;KA;7;6;4;GD;22;3;35;5;0;0;51;0;0;0;0;0;
548;Jimmie;RE;4;3;2;GD;15;2;23;2;0;0;58;0;0;0;0;0;
549;Jimmie;RE;4;4;3;GD;25;5;21;4;0;0;51;0;0;0;0;0;
550;Jimmie;MU;6;6;3;GD;28;1;30;4;0;0;79;0;0;0;0;0;
551;Jimmie;MU;1;5;1;GD;18;3;15;1;0;0;40;0;0;0;0;0;
552;Jimmie;MU;4;2;3;GD;10;1;13;4;0;0;46;0;0;0;0;0;
553;Jimmie;KA;2;4;5;GD;28;2;19;2;0;0;46;0;0;0;0;0;
554;Jimmie;RE;4;1;2;GD;20;2;34;2;0;0;50;0;0;0;0;0;
555;Jimmie;RE;3;4;1;GD;22;1;24;2;0;0;53;0;0;0;0;0;
556;Jimmie;KA;1;1;3;GD;25;0;27;0;0;0;32;0;0;0;0;0;
557;Jimmie;AK;3;4;3;GD;0;0;1;0;0;0;0;0;0;0;0;0;
558;Jimmie;MU;6;2;4;GD;0;0;33;24;0;0;53;0;0;0;0;0;
559;Jimmie;AK;2;5;1;GD;6;2;13;2;0;0;40;0;0;0;0;0;
560;Jimmie;MU;3;3;1;GD;20;5;18;3;0;0;39;0;0;0;0;0;
561;Jimmie;RE;3;4;3;GD;16;4;20;5;0;0;44;0;0;0;0;0;
562;Jimmie;AK;2;6;3;GD;12;6;11;1;0;0;31;0;0;0;0;0;
563;Jimmie;MA;1;4;4;GD;11;4;22;2;0;0;39;0;0;0;0;0;
564;Jimmie;MA;1;5;2;GD;24;0;20;0;0;0;55;0;0;0;0;0;
565;Jimmie;UM;4;4;2;GD;12;2;13;7;0;0;40;0;0;0;0;0;
566;Jimmie;AK;5;1;5;GD;10;1;15;1;0;0;33;0;0;0;0;0;
567;Jimmie;AK;4;4;2;GD;20;2;14;1;0;0;37;0;0;0;0;0;
568;Jimmie;AK;5;3;4;GD;23;2;23;1;0;0;46;0;0;0;0;0;
569;Jimmie;KA;1;2;1;GD;5;0;7;0;0;0;32;0;0;0;0;0;
570;Jimmie;AK;3;1;4;GD;12;1;11;3;0;0;27;0;0;0;0;0;
571;Jimmie;AK;2;4;2;GD;6;2;7;4;0;0;34;0;0;0;0;0;
572;Jimmie;MU;6;4;3;GD;20;2;18;1;0;0;40;0;0;0;0;0;
573;Jimmie;KA;2;3;5;GD;0;0;12;3;0;0;17;0;0;0;0;0;
574;Jimmie;MU;3;6;1;GD;1;0;1;0;0;0;10;0;0;0;0;0;
575;Jimmie;MU;5;5;1;GD;12;0;10;0;0;0;29;0;0;0;0;0;
576;Jimmie;MA;6;5;1;GD;12;1;11;2;0;0;31;0;0;0;0;0;
577;Jimmie;MU;5;5;4;GD;12;1;12;3;0;0;28;0;0;0;0;0;
578;Jimmie;MU;1;4;5;GD;10;1;11;2;0;0;29;0;0;0;0;0;
579;Jimmie;MU;5;3;3;GD;4;2;8;0;0;0;29;0;0;0;0;0;
580;Jimmie;MA;6;5;3;GD;15;3;13;1;0;0;40;0;0;0;0;0;
581;Jimmie;KA;7;5;2;GD;23;3;14;3;0;0;51;0;0;0;0;0;
582;Jimmie;UM;6;1;1;GD;14;1;13;3;0;0;31;0;0;0;0;0;
583;Jimmie;KA;3;1;1;GD;9;2;10;2;0;0;22;0;0;0;0;0;
584;Jimmie;MU;6;4;2;GD;13;0;6;1;0;0;29;0;0;0;0;0;
585;Jimmie;KA;7;6;5;GD;14;1;12;2;0;0;32;0;0;0;0;0;
586;Jimmie;MU;1;6;4;GD;11;0;14;0;0;0;27;0;0;0;0;0;
587;Jimmie;UM;6;1;2;GD;8;7;15;10;0;0;53;0;0;0;1;0;
588;Jimmie;KA;1;3;3;GD;0;24;0;23;0;0;45;0;0;0;0;0;
589;Jimmie;MU;3;3;5;GD;16;5;19;1;0;0;41;0;0;0;0;0;
590;Jimmie;RE;3;1;5;GD;24;2;25;5;0;0;56;0;0;0;1;0;
591;Jimmie;RE;6;4;4;GD;13;1;24;2;0;0;44;0;0;0;0;0;
592;Jimmie;RE;4;2;4;GD;29;3;29;1;0;0;70;0;0;0;0;0;
593;Jimmie;AK;1;4;2;GD;17;3;19;5;0;0;51;0;0;0;0;0;
594;Jimmie;KA;1;2;4;GD;8;4;17;0;0;0;28;0;0;0;0;0;
595;Jimmie;MU;3;1;4;GD;28;2;21;3;0;0;67;0;0;0;0;0;
596;Jimmie;UM;1;6;2;GD;23;3;31;3;0;0;58;0;0;0;0;0;
597;Jimmie;AK;5;1;3;GD;15;3;28;2;0;0;49;0;0;0;0;0;
598;Jimmie;UM;4;6;1;GD;16;4;16;3;0;0;48;0;0;0;0;0;
599;Jimmie;AK;3;3;4;GD;17;1;20;0;0;0;41;0;0;0;0;0;
600;Jimmie;MU;5;3;2;GD;25;1;26;3;0;0;38;0;0;0;0;0;
601;Jimmie;MU;5;3;5;GD;16;7;24;2;0;0;56;0;0;0;0;0;
602;Jimmie;KA;1;3;2;GD;19;3;11;3;0;0;42;0;0;0;0;0;
603;Jimmie;MU;6;5;1;GD;29;2;32;1;0;0;64;0;0;0;1;0;
604;Jimmie;AK;3;2;3;GD;7;0;8;0;0;0;13;0;0;0;0;0;
605;Jimmie;AK;3;2;4;GD;8;1;10;0;0;0;22;0;0;0;0;0;
606;Jimmie;AK;1;5;5;GD;13;0;18;4;0;0;28;0;0;0;0;0;
607;Jimmie;MU;1;2;5;GD;10;1;12;0;0;0;24;0;0;0;0;0;
608;Jimmie;MU;4;4;2;GD;6;0;15;2;0;0;17;0;0;0;0;0;
609;Jimmie;AK;3;3;5;GD;4;2;3;4;0;0;7;0;0;0;0;0;
610;Jimmie;AK;3;2;5;GD;9;1;11;0;0;0;14;0;0;0;0;0;
611;Jimmie;MU;6;1;2;GD;18;0;21;1;0;0;36;0;0;0;0;0;
612;Jimmie;AK;3;6;5;GD;7;0;12;0;0;0;33;0;0;0;1;0;
613;Jimmie;MU;4;2;1;GD;10;0;6;1;0;0;20;0;0;0;0;0;
614;Jimmie;KA;2;5;3;GD;29;1;22;1;0;0;49;0;0;0;0;0;
615;Jimmie;MU;4;2;2;GD;0;14;0;17;0;0;28;0;0;0;1;0;
616;Jimmie;MU;6;1;1;GD;20;1;16;8;0;0;40;0;0;0;0;0;
617;Jimmie;UM;6;2;1;GD;21;0;25;7;0;0;65;0;0;0;0;0;
618;Jimmie;MU;4;4;5;GD;0;23;0;29;0;0;58;0;0;0;0;0;
619;Jimmie;UM;5;3;4;GD;23;2;29;3;0;0;69;0;0;0;0;0;
620;Jimmie;UM;1;6;1;GD;24;3;21;1;0;0;43;0;0;0;0;0;
621;Jimmie;AK;2;6;5;GD;10;5;26;3;0;0;31;0;0;0;0;0;
622;Jimmie;UM;1;1;4;GD;23;1;13;2;0;0;38;0;0;0;0;0;
623;Jimmie;RE;3;3;4;GD;15;4;15;3;0;0;37;0;0;0;0;0;
624;Jimmie;UM;3;5;5;GD;1;0;0;0;0;0;2;0;0;0;0;0;
625;Jimmie;AK;5;3;1;GD;0;0;0;0;0;0;2;0;0;0;0;0;
626;Jimmie;MA;6;1;1;GD;1;0;2;0;0;0;6;0;0;0;0;0;
627;Jimmie;MU;1;4;2;GD;0;0;0;30;0;0;17;0;0;0;0;0;
628;Jimmie;KA;7;3;4;GD;16;1;16;1;0;0;31;0;0;0;0;0;
629;Jimmie;MU;3;4;4;GD;8;2;10;2;0;0;23;0;0;0;0;0;
630;Jimmie;RE;4;1;5;GD;14;1;16;0;0;0;24;0;0;0;0;0;
631;Jimmie;MA;6;6;5;GD;19;4;18;2;0;0;34;0;0;0;0;0;
632;Jimmie;RE;1;5;5;GD;32;0;26;2;0;0;59;0;0;0;0;0;
633;Jimmie;RE;4;5;1;GD;13;4;24;6;0;0;47;0;0;0;0;0;
634;Jimmie;KA;4;1;2;GD;13;3;27;2;0;0;47;0;0;0;0;0;
635;Jimmie;MA;6;3;1;GD;15;3;19;2;0;0;28;0;0;0;0;0;
636;Jimmie;MU;4;6;2;GD;19;0;8;1;0;0;16;0;0;0;0;0;
637;Jimmie;RE;3;5;2;GD;14;1;11;3;0;0;20;0;0;0;0;0;
638;Jimmie;RE;6;5;2;GD;5;13;6;10;0;0;20;0;0;0;0;0;
639;Jimmie;AK;3;2;2;GD;16;2;9;0;0;0;25;0;0;0;0;0;
640;Jimmie;MU;4;4;1;GD;0;12;0;16;0;0;35;0;0;0;0;0;
641;Jimmie;MU;3;3;2;GD;19;1;20;2;0;0;38;0;0;0;0;0;
642;Jimmie;KA;3;4;2;GD;14;2;25;2;0;0;46;0;0;0;0;0;
643;Jimmie;UM;5;2;2;GD;7;8;19;4;0;0;43;0;0;0;0;0;
644;Jimmie;MU;5;6;5;GD;16;5;22;5;0;0;46;0;0;0;0;0;
645;Jimmie;MA;4;1;2;GD;12;5;10;0;0;0;51;0;0;0;0;0;
646;Jimmie;RE;4;2;1;GD;9;23;22;9;0;0;43;0;0;0;0;0;
647;Jimmie;AK;2;1;3;GD;10;1;17;1;0;0;41;0;0;0;0;0;
648;Jimmie;RE;6;6;5;GD;14;2;15;2;0;0;40;0;0;0;0;0;
649;Jimmie;RE;1;1;4;GD;16;2;25;5;0;0;48;0;0;0;0;0;
650;Jimmie;MA;7;2;4;GD;25;5;15;6;0;0;57;0;0;0;0;0;
651;Jimmie;MU;3;6;5;GD;28;4;27;11;0;0;75;0;0;0;0;0;
652;Jimmie;MA;1;4;3;GD;26;3;19;5;0;0;43;0;0;0;0;0;
653;Jimmie;KA;7;5;5;GD;11;1;14;0;0;0;15;0;0;0;0;0;
654;Jimmie;UM;1;1;5;GD;11;2;10;2;0;0;30;0;0;0;0;0;
655;Jimmie;AK;1;4;1;GD;13;3;11;3;0;0;30;0;0;0;1;0;
656;Jimmie;AK;5;3;2;GD;15;0;11;2;0;0;19;0;0;0;0;0;
657;Jimmie;UM;1;5;1;GD;19;0;2;0;0;0;27;16;0;0;0;0;
658;Jimmie;MA;5;6;3;GD;17;0;14;0;0;0;24;0;0;0;0;0;
659;Jimmie;MA;5;4;5;GD;11;2;17;3;0;0;42;0;0;0;0;0;
660;Jimmie;KA;1;4;5;GD;26;6;20;2;0;0;54;0;0;0;0;0;
661;Jimmie;MA;7;2;5;GD;16;9;18;4;0;0;49;0;0;0;0;0;
662;Jimmie;MA;1;3;5;GD;12;2;14;4;0;0;44;0;0;0;0;0;
663;Jimmie;RE;2;4;1;GD;35;4;23;4;0;0;63;0;0;0;2;0;
664;Jimmie;MU;3;6;4;GD;21;3;20;6;0;0;49;0;0;0;0;0;
665;Jimmie;UM;6;6;5;GD;16;2;17;1;0;0;53;0;0;0;0;0;
666;Jimmie;MU;6;5;4;GD;21;2;30;3;0;0;63;0;0;0;0;0;
667;Jimmie;MU;5;6;4;GD;20;7;19;3;0;0;50;0;0;0;0;0;
668;Jimmie;RE;2;4;3;GD;23;3;25;5;0;0;76;0;0;0;0;0;
669;Jimmie;KA;2;1;5;GD;15;0;25;1;0;0;46;0;0;0;0;0;
670;Jimmie;AK;5;4;2;GD;24;4;25;5;0;0;44;0;0;0;0;0;
671;Jimmie;RE;3;4;2;GD;4;0;8;0;0;0;22;0;0;0;0;0;
672;Jimmie;UM;1;2;4;GD;11;1;6;1;0;0;19;0;1;0;6;0;
673;Jimmie;MU;6;6;1;GD;25;2;17;0;0;0;38;0;0;0;0;0;
674;Jimmie;KA;3;3;4;GD;14;4;20;5;0;0;37;0;0;0;0;0;
675;Jimmie;MA;6;1;3;GD;18;0;23;2;0;0;50;0;0;0;1;0;
676;Jimmie;RE;3;5;4;GD;16;1;27;0;0;0;51;0;0;0;0;0;
677;Jimmie;MA;6;5;2;GD;10;1;20;0;0;0;31;0;0;0;0;0;
678;Jimmie;KA;7;3;3;GD;13;2;26;1;0;0;36;0;0;0;0;0;
679;Jimmie;MU;4;2;5;GD;17;1;21;5;0;0;33;0;0;0;0;0;
680;Jimmie;RE;1;4;2;GD;23;5;10;10;0;0;52;0;0;0;0;0;
681;Jimmie;MA;1;6;3;GD;15;1;18;4;0;0;56;0;0;0;0;0;
682;Jimmie;MA;1;6;4;GD;26;1;16;6;0;0;46;0;0;0;0;0;
683;Jimmie;RE;2;4;5;GD;33;1;36;1;0;0;61;0;0;0;0;0;
684;Jimmie;RE;1;6;3;GD;10;0;11;1;0;0;21;0;0;0;0;0;
685;Jimmie;MA;7;4;3;GD;11;2;4;1;0;0;37;0;0;0;0;0;
686;Jimmie;MA;5;6;5;GD;3;0;2;1;0;0;10;0;0;0;0;0;
687;Jimmie;KA;2;4;4;GD;20;3;14;4;0;0;42;0;0;0;0;0;
688;Jimmie;MU;3;1;1;GD;22;1;32;1;0;0;44;0;0;0;0;0;
689;Jimmie;RE;1;6;5;GD;16;0;20;6;0;0;42;0;0;0;0;0;
690;Jimmie;UM;6;1;5;GD;5;1;28;1;0;0;37;0;0;0;0;0;
691;Jimmie;AK;4;1;3;CO;0;0;0;0;0;0;0;0;0;49;0;0;
692;Jimmie;RE;6;3;1;CO;0;0;0;0;0;0;0;0;0;92;0;0;
693;Jimmie;UM;5;5;4;CO;0;0;0;0;0;0;0;0;0;50;0;0;
694;Jimmie;AK;5;2;1;CO;0;0;0;0;0;0;0;0;0;79;0;0;
695;Jimmie;KA;1;5;3;CO;0;0;0;0;0;0;0;0;0;115;0;0;
696;Jimmie;MU;1;5;2;CO;0;0;0;0;0;0;0;0;0;110;0;0;
697;Jimmie;UM;5;5;3;CO;0;0;0;0;0;0;0;0;0;136;0;0;
698;Jimmie;AK;2;1;1;CO;0;0;0;0;0;0;0;0;0;95;0;0;
699;Jimmie;UM;5;1;4;CO;0;0;0;0;0;0;0;0;0;46;0;0;
700;Jimmie;RE;2;1;1;CO;0;0;0;0;0;0;0;0;0;84;0;0;
701;Jimmie;MU;3;1;3;CO;0;0;0;0;0;0;0;0;0;120;0;0;
702;Jimmie;MA;6;5;1;CO;0;0;0;0;0;0;0;0;0;33;0;0;
703;Jimmie;KA;1;1;5;CO;0;0;0;0;0;0;0;0;0;36;0;0;
704;Jimmie;KA;4;6;1;CO;0;0;0;0;0;0;0;0;0;71;0;0;
705;Jimmie;MA;1;3;5;CO;0;0;0;0;0;0;0;0;0;81;0;0;
706;Jimmie;AK;3;4;4;CO;0;0;0;0;0;0;0;0;0;50;0;0;
707;Jimmie;KA;2;1;3;CO;0;0;0;0;0;0;0;0;0;109;0;0;
708;Jimmie;AK;3;3;1;CO;0;0;0;0;0;0;0;0;0;89;0;0;
709;Jimmie;MA;5;2;2;CO;0;0;0;0;0;0;0;0;0;21;0;0;
710;Jimmie;UM;6;1;2;CO;0;0;0;0;0;0;0;0;0;66;0;0;
711;Jimmie;KA;3;2;3;CO;0;0;0;0;0;0;0;0;0;72;0;0;
712;Jimmie;RE;4;5;4;CO;0;0;0;0;0;0;0;0;0;83;0;0;
713;Jimmie;RE;4;5;1;CO;0;0;0;0;0;0;0;0;0;56;0;0;
714;Jimmie;AK;1;5;4;CO;0;0;0;0;0;0;0;0;0;95;0;0;
715;Jimmie;MA;4;4;5;CO;0;0;0;0;0;0;0;0;0;90;0;0;
716;Jimmie;MU;5;5;1;CO;0;0;0;0;0;0;0;0;0;74;0;0;
717;Jimmie;MU;6;6;1;CO;0;0;0;0;0;0;0;0;0;107;0;0;
718;Jimmie;UM;1;5;3;CO;0;0;0;0;0;0;0;0;0;84;0;0;
719;Jimmie;KA;2;4;1;CO;0;0;0;0;0;0;0;0;0;15;0;0;
720;Jimmie;UM;4;3;1;CO;0;0;0;0;0;0;0;0;0;1;0;0;
721;Jimmie;KA;1;4;1;CO;0;0;0;0;0;0;0;0;0;28;0;0;
722;Jimmie;KA;7;2;1;CO;0;0;0;0;0;0;0;0;0;79;0;0;
723;Jimmie;MA;4;6;5;CO;0;0;0;0;0;0;0;0;0;12;0;0;
724;Jimmie;UM;4;5;5;CO;0;0;0;0;0;0;0;0;0;109;0;0;
725;Jimmie;MA;7;4;1;CO;0;0;0;0;0;0;0;0;0;62;0;0;
726;Jimmie;RE;1;5;3;CO;0;0;0;0;0;0;0;0;0;84;0;0;
727;Jimmie;RE;4;5;5;CO;0;0;0;0;0;0;0;0;0;105;0;0;
728;Jimmie;RE;1;4;1;CO;0;0;0;0;0;0;0;0;0;108;0;0;
729;Jimmie;KA;3;3;3;CO;0;0;0;0;0;0;0;0;0;2;0;0;
730;Jimmie;KA;4;4;3;CO;0;0;0;0;0;0;0;0;0;17;0;0;
731;Jimmie;MA;4;6;3;CO;0;0;0;0;0;0;0;0;0;65;0;0;
732;Jimmie;MU;5;5;2;CO;0;0;0;0;0;0;0;0;0;91;0;0;
733;Jimmie;KA;4;3;1;CO;0;0;0;0;0;0;0;0;0;102;0;0;
734;Jimmie;KA;4;6;3;CO;0;0;0;0;0;0;0;0;0;85;0;0;
735;Jimmie;AK;1;5;5;CO;0;0;0;0;0;0;0;0;0;19;0;0;
736;Jimmie;UM;4;3;2;CO;0;0;0;0;0;0;0;0;0;60;0;0;
737;Jimmie;AK;2;4;5;CO;0;0;0;0;0;0;0;0;0;36;0;0;
738;Jimmie;UM;6;2;2;CO;0;0;0;0;0;0;0;0;0;27;0;0;
739;Jimmie;MU;1;4;3;CO;0;0;0;0;0;0;0;0;0;86;0;0;
740;Jimmie;MU;4;2;2;CO;0;0;0;0;0;0;0;0;0;22;0;0;
741;Jimmie;AK;4;4;1;CO;0;0;0;0;0;0;0;0;0;72;0;0;
742;Jimmie;UM;4;5;2;CO;0;0;0;0;0;0;0;0;0;64;0;0;
743;Jimmie;KA;1;4;3;CO;0;0;0;0;0;0;0;0;0;85;0;0;
744;Jimmie;UM;5;4;4;CO;0;0;0;0;0;0;0;0;0;49;0;0;
745;Jimmie;KA;3;4;4;CO;0;0;0;0;0;0;0;0;0;43;0;0;
746;Jimmie;UM;6;5;1;CO;0;0;0;0;0;0;0;0;0;78;0;0;
747;Jimmie;AK;1;1;5;CO;0;0;0;0;0;0;0;0;0;5;0;0;
748;Jimmie;UM;6;2;4;CO;0;0;0;0;0;0;0;0;0;62;0;0;
749;Jimmie;MU;5;2;1;CO;0;0;0;0;0;0;0;0;0;100;0;0;
750;Jimmie;MU;5;5;5;CO;0;0;0;0;0;0;0;0;0;75;0;0;
751;Jimmie;RE;3;1;4;CO;0;0;0;0;0;0;0;0;0;61;0;0;
752;Jimmie;UM;4;2;2;CO;0;0;0;0;0;0;0;0;0;65;0;0;
753;Jimmie;KA;2;3;3;CO;0;0;0;0;0;0;0;0;0;68;0;0;
754;Jimmie;AK;1;5;3;CO;0;0;0;0;0;0;0;0;0;77;0;0;
755;Jimmie;UM;5;1;2;CO;0;0;0;0;0;0;0;0;0;75;0;0;
756;Jimmie;RE;4;2;5;CO;0;0;0;0;0;0;0;0;0;113;0;0;
757;Jimmie;UM;5;1;3;CO;0;0;0;0;0;0;0;0;0;76;0;0;
758;Jimmie;KA;3;2;2;CO;0;0;0;0;0;0;0;0;0;82;0;0;
759;Jimmie;MA;1;2;1;CO;0;0;0;0;0;0;0;0;0;110;0;0;
760;Jimmie;RE;4;1;3;CO;0;0;0;0;0;0;0;0;0;59;0;0;
761;Jimmie;AK;2;1;3;CO;0;0;0;0;0;0;0;0;0;111;0;0;
762;Jimmie;RE;1;1;4;CO;0;0;0;0;0;0;0;0;0;70;0;0;
763;Jimmie;MU;4;1;2;CO;0;0;0;0;0;0;0;0;0;82;0;0;
764;Jimmie;UM;3;2;4;CO;0;0;0;0;0;0;0;0;0;73;0;0;
765;Jimmie;AK;4;1;2;CO;0;0;0;0;0;0;0;0;0;117;0;0;
766;Jimmie;AK;4;4;2;CO;0;0;0;0;0;0;0;0;0;66;0;0;
767;Jimmie;MA;5;3;1;CO;0;0;0;0;0;0;0;0;0;30;0;0;
768;Jimmie;KA;7;4;2;CO;0;0;0;0;0;0;0;0;0;30;0;0;
769;Jimmie;AK;4;5;5;CO;0;0;0;0;0;0;0;0;0;78;0;0;
770;Jimmie;AK;2;4;1;CO;0;0;0;0;0;0;0;0;0;80;0;0;
771;Jimmie;RE;3;5;5;CO;0;0;0;0;0;0;0;0;0;61;0;0;
772;Jimmie;MU;5;6;3;CO;0;0;0;0;0;0;0;0;0;115;0;0;
773;Jimmie;UM;4;2;5;CO;0;0;0;0;0;0;0;0;0;8;0;0;
774;Jimmie;AK;5;4;5;CO;0;0;0;0;0;0;0;0;0;97;0;0;
775;Jimmie;UM;5;6;1;CO;0;0;0;0;0;0;0;0;0;92;0;0;
776;Jimmie;MU;4;5;3;CO;0;0;0;0;0;0;0;0;0;13;0;0;
777;Jimmie;MU;6;5;1;CO;0;0;0;0;0;0;0;0;0;108;0;0;
778;Jimmie;KA;3;5;1;CO;0;0;0;0;0;0;0;0;0;4;0;0;
779;Jimmie;MA;6;6;3;CO;0;0;0;0;0;0;0;0;0;9;0;0;
780;Jimmie;AK;3;5;3;CO;0;0;0;0;0;0;0;0;0;52;0;0;
781;Jimmie;MA;5;6;5;CO;0;0;0;0;0;0;0;0;0;102;0;0;
782;Jimmie;MU;3;5;1;CO;0;0;0;0;0;0;0;0;0;111;0;0;
783;Jimmie;RE;1;2;4;CO;0;0;0;0;0;0;0;0;0;88;0;0;
784;Jimmie;UM;5;2;3;CO;0;0;0;0;0;0;0;0;0;53;0;0;
785;Jimmie;MA;1;5;2;CO;0;0;0;0;0;0;0;0;0;73;1;0;
786;Jimmie;AK;2;5;5;CO;0;0;0;0;0;0;0;0;0;12;0;0;
787;Jimmie;AK;1;4;1;CO;0;0;0;0;0;0;0;0;0;37;0;0;
788;Jimmie;MU;4;6;2;CO;0;0;0;0;0;0;0;0;0;41;0;0;
789;Jimmie;AK;1;4;5;CO;0;0;0;0;0;0;0;0;0;102;0;0;
790;Jimmie;UM;3;3;2;CO;0;0;0;0;0;0;0;0;0;70;0;0;
791;Jimmie;MU;4;6;3;CO;0;0;0;0;0;0;0;0;0;49;0;0;
792;Jimmie;UM;4;4;2;CO;0;0;0;0;0;0;0;0;0;124;0;0;
793;Jimmie;MA;7;5;5;CO;0;0;0;0;0;0;0;0;0;79;0;0;
794;Jimmie;AK;2;6;2;CO;0;0;0;0;0;0;0;0;0;56;0;0;
795;Jimmie;UM;1;5;5;CO;0;0;0;0;0;0;0;0;0;121;0;0;
796;Jimmie;MU;1;6;3;CO;0;0;0;0;0;0;0;0;0;106;0;0;
797;Jimmie;AK;4;3;3;CO;0;0;0;0;0;0;0;0;0;92;0;0;
798;Jimmie;AK;2;2;4;CO;0;0;0;0;0;0;0;0;0;52;0;0;
799;Jimmie;AK;2;6;4;CO;0;0;0;0;0;0;0;0;0;68;0;0;
800;Jimmie;KA;2;3;2;CO;0;0;0;0;0;0;0;0;0;37;0;0;
801;Jimmie;UM;3;4;3;CO;0;0;0;0;0;0;0;0;0;65;0;0;
802;Jimmie;MU;4;6;4;CO;0;0;0;0;0;0;0;0;0;63;0;0;
803;Jimmie;KA;2;5;3;CO;0;0;0;0;0;0;0;0;0;103;0;0;
804;Jimmie;AK;1;4;3;CO;0;0;0;0;0;0;0;0;0;107;0;0;
805;Jimmie;KA;2;6;5;CO;0;0;0;0;0;0;0;0;0;4;0;0;
806;Jimmie;UM;6;3;2;CO;0;0;0;0;0;0;0;0;0;86;0;0;
807;Jimmie;UM;1;5;4;CO;0;0;0;0;0;0;0;0;0;111;0;0;
808;Jimmie;RE;1;3;3;CO;0;0;0;0;0;0;0;0;0;94;0;0;
809;Jimmie;KA;1;1;3;CO;0;0;0;0;0;0;0;0;0;68;0;0;
810;Jimmie;UM;6;6;3;CO;0;0;0;0;0;0;0;0;0;61;0;0;
811;Jimmie;MU;3;4;3;CO;0;0;0;0;0;0;0;0;0;54;0;0;
812;Jimmie;MA;1;4;2;CO;0;0;0;0;0;0;0;0;0;45;0;0;
813;Jimmie;MU;1;6;4;CO;0;0;0;0;0;0;0;0;0;96;0;0;
814;Jimmie;MA;1;5;4;CO;0;0;0;0;0;0;0;0;0;84;0;0;
815;Jimmie;KA;7;5;1;CO;0;0;0;0;0;0;0;0;0;57;0;0;
816;Jimmie;AK;1;3;1;CO;0;0;0;0;0;0;0;0;0;21;0;0;
817;Jimmie;KA;4;4;5;CO;0;0;0;0;0;0;0;0;0;75;0;0;
818;Jimmie;KA;2;5;2;CO;0;0;0;0;0;0;0;0;0;50;0;0;
819;Jimmie;UM;3;4;5;CO;0;0;0;0;0;0;0;0;0;58;0;0;
820;Jimmie;RE;3;4;4;CO;0;0;0;0;0;0;0;0;0;63;0;0;
821;Jimmie;KA;4;4;4;CO;0;0;0;0;0;0;0;0;0;60;0;0;
822;Jimmie;MU;5;5;3;CO;0;0;0;0;0;0;0;0;0;78;0;0;
823;Jimmie;AK;4;4;4;CO;0;0;0;0;0;0;0;0;0;27;0;0;
824;Jimmie;MU;5;2;3;CO;0;0;0;0;0;0;0;0;0;76;1;0;
825;Jimmie;AK;4;1;5;CO;0;0;0;0;0;0;0;0;0;56;0;0;
826;Jimmie;KA;1;5;1;CO;0;0;0;0;0;0;0;0;0;80;0;0;
827;Jimmie;RE;1;1;2;CO;0;0;0;0;0;0;0;0;0;51;0;0;
828;Jimmie;KA;2;1;5;CO;0;0;0;0;0;0;0;0;0;70;0;0;
829;Jimmie;MA;5;4;1;CO;0;0;0;0;0;0;0;0;0;57;0;0;
830;Jimmie;AK;5;4;4;CO;0;0;0;0;0;0;0;0;0;44;0;0;
831;Jimmie;MU;6;6;3;CO;0;0;0;0;0;0;0;0;0;152;0;0;
832;Jimmie;UM;6;6;1;CO;0;0;0;0;0;0;0;0;0;106;0;0;
833;Jimmie;MU;1;4;2;CO;0;0;0;0;0;0;0;0;0;96;0;0;
834;Jimmie;RE;3;4;5;CO;0;0;0;0;0;0;0;0;0;72;0;0;
835;Jimmie;KA;4;7;2;CO;0;0;0;0;0;0;0;0;0;87;0;0;
836;Jimmie;MU;6;6;2;CO;0;0;0;0;0;0;0;0;0;144;0;0;
837;Jimmie;UM;5;2;5;CO;0;0;0;0;0;0;0;0;0;88;0;0;
838;Jimmie;UM;5;2;2;CO;0;0;0;0;0;0;0;0;0;67;0;0;
839;Jimmie;KA;4;4;1;CO;0;0;0;0;0;0;0;0;0;94;0;0;
840;Jimmie;UM;4;2;3;CO;0;0;0;0;0;0;0;0;0;29;0;0;
841;Jimmie;RE;6;1;2;CO;0;0;0;0;0;0;0;0;0;69;0;0;
842;Jimmie;RE;3;3;2;CO;0;0;0;0;0;0;0;0;0;48;0;0;
843;Jimmie;MU;6;4;5;CO;0;0;0;0;0;0;0;0;0;55;0;0;
844;Jimmie;RE;3;3;3;CO;0;0;0;0;0;0;0;0;0;79;0;0;
845;Jimmie;MA;6;1;3;CO;0;0;0;0;0;0;0;0;0;76;0;0;
846;Jimmie;RE;6;4;1;CO;0;0;0;0;0;0;0;0;0;86;0;0;
847;Jimmie;RE;4;2;4;CO;0;0;0;0;0;0;0;0;0;92;0;0;
848;Jimmie;UM;1;1;4;CO;0;0;0;0;0;0;0;0;0;59;0;0;
849;Jimmie;RE;6;3;2;CO;0;0;0;0;0;0;0;0;0;54;0;0;
850;Jimmie;KA;3;1;4;CO;0;0;0;0;0;0;0;0;0;45;0;0;
851;Jimmie;RE;1;2;2;CO;0;0;0;0;0;0;0;0;0;95;0;0;
852;Jimmie;KA;7;4;1;CO;0;0;0;0;0;0;0;0;0;82;0;0;
853;Jimmie;UM;3;2;5;CO;0;0;0;0;0;0;0;0;0;94;0;0;
854;Jimmie;AK;3;1;3;CO;0;0;0;0;0;0;0;0;0;45;0;0;
855;Jimmie;RE;3;3;5;CO;0;0;0;0;0;0;0;0;0;56;0;0;
856;Jimmie;KA;3;1;3;CO;0;0;0;0;0;0;0;0;0;114;0;0;
857;Jimmie;UM;5;5;1;CO;0;0;0;0;0;0;0;0;0;68;0;0;
858;Jimmie;MU;1;2;3;CO;0;0;0;0;0;0;0;0;0;97;0;0;
859;Jimmie;RE;6;1;5;CO;0;0;0;0;0;0;0;0;0;56;0;0;
860;Jimmie;AK;3;4;2;CO;0;0;0;0;0;0;0;0;0;52;0;0;
861;Jimmie;MA;7;6;4;CO;0;0;0;0;0;0;0;0;0;109;0;0;
862;Jimmie;AK;3;4;1;CO;0;0;0;0;0;0;0;0;0;74;0;0;
863;Jimmie;RE;6;1;1;CO;0;0;0;0;0;0;0;0;0;65;0;0;
864;Jimmie;UM;4;5;3;CO;0;0;0;0;0;0;0;0;0;92;0;0;
865;Jimmie;UM;1;1;3;CO;0;0;0;0;0;0;0;0;0;128;0;0;
866;Jimmie;MA;6;5;4;CO;0;0;0;0;0;0;0;0;0;89;0;0;
867;Jimmie;KA;2;1;1;CO;0;0;0;0;0;0;0;0;0;91;0;0;
868;Jimmie;MA;1;2;2;CO;0;0;0;0;0;0;0;0;0;79;0;0;
869;Jimmie;RE;3;1;3;CO;0;0;0;0;0;0;0;0;0;95;0;0;
870;Jimmie;MU;3;1;5;CO;0;0;0;0;0;0;0;0;0;61;0;0;
871;Jimmie;MU;5;2;4;CO;0;0;0;0;0;0;0;0;0;103;0;0;
872;Jimmie;KA;2;1;2;CO;0;0;0;0;0;0;0;0;0;109;1;0;
873;Jimmie;RE;4;1;5;CO;0;0;0;0;0;0;0;0;0;33;0;0;
874;Jimmie;MA;1;2;5;CO;0;0;0;0;0;0;0;0;0;72;0;0;
875;Jimmie;MA;5;5;4;CO;0;0;0;0;0;0;0;0;0;85;0;0;
876;Jimmie;MA;1;1;2;CO;0;0;0;0;0;0;0;0;0;62;0;0;
877;Jimmie;KA;1;1;4;CO;0;0;0;0;0;0;0;0;0;57;0;0;
878;Jimmie;UM;6;1;1;CO;0;0;0;0;0;0;0;0;0;38;0;0;
879;Jimmie;MU;5;2;2;CO;0;0;0;0;0;0;0;0;0;72;0;0;
880;Jimmie;UM;4;1;1;CO;0;0;0;0;0;0;0;0;0;117;0;0;
881;Jimmie;MA;6;6;1;CO;0;0;0;0;0;0;0;0;0;75;0;0;
882;Jimmie;RE;4;1;4;CO;0;0;0;0;0;0;0;0;0;125;0;0;
883;Jimmie;AK;5;3;1;CO;0;0;0;0;0;0;0;0;0;85;0;0;
884;Jimmie;MU;1;2;1;CO;0;0;0;0;0;0;0;0;0;133;0;0;
885;Jimmie;RE;6;1;3;CO;0;0;0;0;0;0;0;0;0;54;0;0;
886;Jimmie;AK;5;1;4;CO;0;0;0;0;0;0;0;0;0;75;0;0;
887;Jimmie;UM;4;5;4;CO;0;0;0;0;0;0;0;0;0;90;0;0;
888;Jimmie;UM;1;1;1;CO;0;0;0;0;0;0;0;0;0;103;0;0;
889;Jimmie;AK;3;1;4;CO;0;0;0;0;0;0;0;0;0;58;0;0;
890;Jimmie;MU;1;6;2;CO;0;0;0;0;0;0;0;0;0;72;0;0;
891;Jimmie;KA;1;3;2;CO;0;0;0;0;0;0;0;0;0;68;0;0;
892;Jimmie;MU;6;5;4;CO;0;0;0;0;0;0;0;0;0;142;0;0;
893;Jimmie;MA;5;5;2;CO;0;0;0;0;0;0;0;0;0;108;0;0;
894;Jimmie;RE;6;6;1;CO;0;0;0;0;0;0;0;0;0;71;0;0;
895;Jimmie;UM;4;6;4;CO;0;0;0;0;0;0;0;0;0;104;0;0;
896;Jimmie;RE;4;5;3;CO;0;0;0;0;0;0;0;0;0;77;0;0;
897;Jimmie;AK;4;3;1;CO;0;0;0;0;0;0;0;0;0;55;0;0;
898;Jimmie;RE;3;5;4;CO;0;0;0;0;0;0;0;0;0;78;0;0;
899;Jimmie;KA;1;3;4;CO;0;0;0;0;0;0;0;0;0;88;0;0;
900;Jimmie;UM;5;6;2;CO;0;0;0;0;0;0;0;0;0;109;0;0;
901;Jimmie;RE;4;4;2;CO;0;0;0;0;0;0;0;0;0;87;0;0;
902;Jimmie;MA;6;5;2;CO;0;0;0;0;0;0;0;0;0;106;0;0;
903;Jimmie;UM;3;6;3;CO;0;0;0;0;0;0;0;0;0;2;0;0;
904;Jimmie;KA;2;6;4;CO;0;0;0;0;0;0;0;0;0;56;0;0;
905;Jimmie;RE;6;6;3;CO;0;0;0;0;0;0;0;0;0;80;0;0;
906;Jimmie;KA;1;1;2;CO;0;0;0;0;0;0;0;0;0;72;0;0;
907;Jimmie;KA;3;5;5;CO;0;0;0;0;0;0;0;0;0;47;0;0;
908;Jimmie;MA;6;5;5;CO;0;0;0;0;0;0;0;0;0;69;0;0;
909;Jimmie;AK;1;6;4;CO;0;0;0;0;0;0;0;0;0;38;0;0;
910;Jimmie;KA;7;1;2;CO;0;0;0;0;0;0;0;0;0;59;0;0;
911;Jimmie;MA;5;4;4;CO;0;0;0;0;0;0;0;0;0;102;0;0;
912;Jimmie;AK;3;6;1;CO;0;0;0;0;0;0;0;0;0;89;0;0;
913;Jimmie;KA;2;3;5;CO;0;0;0;0;0;0;0;0;0;67;0;0;
914;Jimmie;RE;3;4;3;CO;0;0;0;0;0;0;0;0;0;79;0;0;
915;Jimmie;UM;6;4;2;CO;0;0;0;0;0;0;0;0;0;95;0;0;
916;Jimmie;MU;1;3;1;CO;0;0;0;0;0;0;0;0;0;37;0;0;
917;Jimmie;UM;6;4;4;CO;0;0;0;0;0;0;0;0;0;70;0;0;
918;Jimmie;MU;4;5;2;CO;0;0;0;0;0;0;0;0;0;9;0;0;
919;Jimmie;MA;6;3;1;CO;0;0;0;0;0;0;0;0;0;143;0;0;
920;Jimmie;MA;6;3;1;CO;0;0;0;0;0;0;0;0;0;121;0;0;
921;Jimmie;MA;5;3;5;CO;0;0;0;0;0;0;0;0;0;112;0;0;
922;Jimmie;MU;4;5;1;CO;0;0;0;0;0;0;0;0;0;21;0;0;
923;Jimmie;MA;1;5;3;CO;0;0;0;0;0;0;0;0;0;95;0;0;
924;Jimmie;UM;3;3;4;CO;0;0;0;0;0;0;0;0;0;75;0;0;
925;Jimmie;MU;1;6;1;CO;0;0;0;0;0;0;0;0;0;114;1;0;
926;Jimmie;RE;4;1;2;CO;0;0;0;0;0;0;0;0;0;48;0;0;
927;Jimmie;KA;7;3;4;CO;0;0;0;0;0;0;0;0;0;46;0;0;
928;Jimmie;UM;5;1;1;CO;0;0;0;0;0;0;0;0;0;109;0;0;
929;Jimmie;AK;1;3;3;CO;0;0;0;0;0;0;0;0;0;62;0;0;
930;Jimmie;AK;2;2;3;CO;0;0;0;0;0;0;0;0;0;94;0;0;
931;Jimmie;MA;6;3;4;CO;0;0;0;0;0;0;0;0;0;39;0;0;
932;Jimmie;KA;2;5;1;CO;0;0;0;0;0;0;0;0;0;47;0;0;
933;Jimmie;UM;1;6;2;CO;0;0;0;0;0;0;0;0;0;95;0;0;
934;Jimmie;KA;1;3;5;CO;0;0;0;0;0;0;0;0;0;92;1;0;
935;Jimmie;KA;2;3;1;CO;0;0;0;0;0;0;0;0;0;78;0;0;
936;Jimmie;MU;1;3;3;CO;0;0;0;0;0;0;0;0;0;68;0;0;
937;Jimmie;RE;1;3;2;CO;0;0;0;0;0;0;0;0;0;43;0;0;
938;Jimmie;KA;7;4;3;CO;0;0;0;0;0;0;0;0;0;81;0;0;
939;Jimmie;AK;3;5;1;CO;0;0;0;0;0;0;0;0;0;69;0;0;
940;Jimmie;KA;2;3;4;CO;0;0;0;0;0;0;0;0;0;98;0;0;
941;Jimmie;AK;5;2;2;CO;0;0;0;0;0;0;0;0;0;89;0;0;
942;Jimmie;KA;7;6;3;CO;0;0;0;0;0;0;0;0;0;118;0;0;
943;Jimmie;RE;3;4;2;CO;0;0;0;0;0;0;0;0;0;48;0;0;
944;Jimmie;AK;2;5;4;CO;0;0;0;0;0;0;0;0;0;78;0;0;
945;Jimmie;KA;3;1;2;CO;0;0;0;0;0;0;0;0;0;42;0;0;
946;Jimmie;KA;4;3;5;CO;0;0;0;0;0;0;0;0;0;41;0;0;
947;Jimmie;UM;5;5;2;CO;0;0;0;0;0;0;0;0;0;65;0;0;
948;Jimmie;MU;4;4;1;CO;0;0;0;0;0;0;0;0;0;75;0;0;
949;Jimmie;UM;3;4;1;CO;0;0;0;0;0;0;0;0;0;67;0;0;
950;Jimmie;UM;4;4;5;CO;0;0;0;0;0;0;0;0;0;73;0;0;
951;Jimmie;KA;7;5;5;CO;0;0;0;0;0;0;0;0;0;39;0;0;
952;Jimmie;MA;4;6;4;CO;0;0;0;0;0;0;0;0;0;60;0;0;
953;Jimmie;MA;1;1;3;CO;0;0;0;0;0;0;0;0;0;107;0;0;
954;Jimmie;KA;4;4;2;CO;0;0;0;0;0;0;0;0;0;89;0;0;
955;Jimmie;UM;6;5;5;CO;0;0;0;0;0;0;0;0;0;61;0;0;
956;Jimmie;AK;4;6;2;CO;0;0;0;0;0;0;0;0;0;73;0;0;
957;Jimmie;MA;4;6;1;CO;0;0;0;0;0;0;0;0;0;27;0;0;
958;Jimmie;UM;6;4;1;CO;0;0;0;0;0;0;0;0;0;59;0;0;
959;Jimmie;MA;7;6;5;CO;0;0;0;0;0;0;0;0;0;68;0;0;
960;Jimmie;MU;4;5;4;CO;0;0;0;0;0;0;0;0;0;34;0;0;
961;Jimmie;UM;6;1;3;CO;0;0;0;0;0;0;0;0;0;30;0;0;
962;Jimmie;MA;1;4;1;CO;0;0;0;0;0;0;0;0;0;41;0;0;
963;Jimmie;UM;4;4;3;CO;0;0;0;0;0;0;0;0;0;43;0;0;
964;Jimmie;KA;3;4;5;CO;0;0;0;0;0;0;0;0;0;45;0;0;
965;Jimmie;KA;3;5;2;CO;0;0;0;0;0;0;0;0;0;68;0;0;
966;Jimmie;AK;1;1;3;CO;0;0;0;0;0;0;0;0;0;21;0;0;
967;Jimmie;KA;3;2;5;CO;0;0;0;0;0;0;0;0;0;35;0;0;
968;Jimmie;MU;1;4;5;CO;0;0;0;0;0;0;0;0;0;105;0;0;
969;Jimmie;MU;4;6;1;CO;0;0;0;0;0;0;0;0;0;66;0;0;
970;Jimmie;KA;7;4;5;CO;0;0;0;0;0;0;0;0;0;64;0;0;
971;Jimmie;UM;4;2;4;CO;0;0;0;0;0;0;0;0;0;88;0;0;
972;Jimmie;MA;1;4;4;CO;0;0;0;0;0;0;0;0;0;110;0;0;
973;Jimmie;AK;3;3;4;CO;0;0;0;0;0;0;0;0;0;48;0;0;
974;Jimmie;MU;5;4;1;CO;0;0;0;0;0;0;0;0;0;100;0;0;
975;Jimmie;KA;2;4;2;CO;0;0;0;0;0;0;0;0;0;54;0;0;
976;Jimmie;MA;5;4;5;CO;0;0;0;0;0;0;0;0;0;61;0;0;
977;Jimmie;AK;4;4;5;CO;0;0;0;0;0;0;0;0;0;73;0;0;
978;Jimmie;UM;1;4;4;CO;0;0;0;0;0;0;0;0;0;89;0;0;
979;Jimmie;MA;6;1;4;CO;0;0;0;0;0;0;0;0;0;26;0;0;
980;Jimmie;KA;1;4;2;CO;0;0;0;0;0;0;0;0;0;84;0;0;
981;Jimmie;AK;3;1;5;CO;0;0;0;0;0;0;0;0;0;87;0;0;
982;Jimmie;MA;5;4;3;CO;0;0;0;0;0;0;0;0;0;64;0;0;
983;Jimmie;UM;1;6;1;CO;0;0;0;0;0;0;0;0;0;45;0;0;
984;Jimmie;RE;4;5;2;CO;0;0;0;0;0;0;0;0;0;84;0;0;
985;Jimmie;MU;4;1;1;CO;0;0;0;0;0;0;0;0;0;90;0;0;
986;Jimmie;UM;3;5;4;CO;0;0;0;0;0;0;0;0;0;35;0;0;
987;Jimmie;MU;3;1;2;CO;0;0;0;0;0;0;0;0;0;72;0;0;
988;Jimmie;MA;4;4;2;CO;0;0;0;0;0;0;0;0;0;64;0;0;
989;Jimmie;MA;1;1;5;CO;0;0;0;0;0;0;0;0;0;111;0;0;
990;Jimmie;UM;4;6;3;CO;0;0;0;0;0;0;0;0;0;50;0;0;
991;Jimmie;RE;1;1;1;CO;0;0;0;0;0;0;0;0;0;58;0;0;
992;Jimmie;MU;1;5;5;CO;0;0;0;0;0;0;0;0;0;63;0;0;
993;Jimmie;AK;1;1;1;CO;0;0;0;0;0;0;0;0;0;16;0;0;
994;Jimmie;AK;4;6;3;CO;0;0;0;0;0;0;0;0;0;45;0;0;
995;Jimmie;MA;5;3;2;CO;0;0;0;0;0;0;0;0;0;47;0;0;
996;Jimmie;MU;3;4;1;CO;0;0;0;0;0;0;0;0;0;12;0;0;
997;Jimmie;MU;1;2;4;CO;0;0;0;0;0;0;0;0;0;47;0;0;
998;Jimmie;UM;6;1;5;CO;0;0;0;0;0;0;0;0;0;100;0;0;
999;Jimmie;KA;3;5;3;CO;0;0;0;0;0;0;0;0;0;4;0;0;
1000;Jimmie;AK;5;1;1;CO;0;0;0;0;0;0;0;0;0;60;0;0;
1001;Jimmie;AK;5;3;5;CO;0;0;0;0;0;0;0;0;0;18;0;0;
1002;Jimmie;MU;3;1;1;CO;0;0;0;0;0;0;0;0;0;53;0;0;
1003;Jimmie;RE;4;4;1;CO;0;0;0;0;0;0;0;0;0;43;0;0;
1004;Jimmie;RE;6;6;5;CO;0;0;0;0;0;0;0;0;0;67;0;0;
1005;Jimmie;MU;6;4;1;CO;0;0;0;0;0;0;0;0;0;36;0;0;
1006;Jimmie;AK;2;2;1;CO;0;0;0;0;0;0;0;0;0;41;0;0;
1007;Jimmie;MA;1;2;4;CO;0;0;0;0;0;0;0;0;0;47;0;0;
1008;Jimmie;MU;5;2;5;CO;0;0;0;0;0;0;0;0;0;75;0;0;
1009;Jimmie;MU;6;5;3;CO;0;0;0;0;0;0;0;0;0;65;0;0;
1010;Jimmie;AK;1;5;2;CO;0;0;0;0;0;0;0;0;0;44;0;0;
1011;Jimmie;MA;1;2;3;CO;0;0;0;0;0;0;0;0;0;48;0;0;
1012;Jimmie;AK;3;3;2;CO;0;0;0;0;0;0;0;0;0;60;0;0;
1013;Jimmie;MU;5;6;4;CO;0;0;0;0;0;0;0;0;0;65;0;0;
1014;Jimmie;RE;1;1;3;CO;0;0;0;0;0;0;0;0;0;21;0;0;
1015;Jimmie;KA;2;4;5;CO;0;0;0;0;0;0;0;0;0;86;0;0;
1016;Jimmie;AK;2;1;5;CO;0;0;0;0;0;0;0;0;0;95;0;0;
1017;Jimmie;MU;1;4;4;CO;0;0;0;0;0;0;0;0;0;93;0;0;
1018;Jimmie;UM;6;5;3;CO;0;0;0;0;0;0;0;0;0;115;0;0;
1019;Jimmie;AK;5;6;2;CO;0;0;0;0;0;0;0;0;0;91;0;0;
1020;Jimmie;UM;6;4;3;CO;0;0;0;0;0;0;0;0;0;84;0;0;
1021;Jimmie;MA;1;4;3;CO;0;0;0;0;0;0;0;0;0;140;0;0;
1022;Jimmie;UM;5;6;4;CO;0;0;0;0;0;0;0;0;0;79;0;0;
1023;Jimmie;UM;3;6;4;CO;0;0;0;0;0;0;0;0;0;72;0;0;
1024;Jimmie;KA;3;1;1;CO;0;0;0;0;0;0;0;0;0;91;0;0;
1025;Jimmie;KA;7;5;3;CO;0;0;0;0;0;0;0;0;0;115;0;0;
1026;Jimmie;MA;5;2;5;CO;0;0;0;0;0;0;0;0;0;47;0;0;
1027;Jimmie;KA;7;6;1;CO;0;0;0;0;0;0;0;0;0;78;0;0;
1028;Jimmie;AK;3;4;3;CO;0;0;0;0;0;0;0;0;0;98;0;0;
1029;Jimmie;AK;2;6;1;CO;0;0;0;0;0;0;0;0;0;67;0;0;
1030;Jimmie;MA;6;3;3;CO;0;0;0;0;0;0;0;0;0;95;1;0;
1031;Jimmie;RE;3;3;4;CO;0;0;0;0;0;0;0;0;0;75;0;0;
1032;Jimmie;MU;3;5;4;CO;0;0;0;0;0;0;0;0;0;86;0;0;
1033;Jimmie;MU;3;4;5;CO;0;0;0;0;0;0;0;0;0;70;0;0;
1034;Jimmie;UM;5;5;5;CO;0;0;0;0;0;0;0;0;0;95;0;0;